config,encoding,topology,n_qubits,seed,sample,Z0,y_true,y_pred
"Amplitude + ring, 4 qubits",amplitude,ring,4,0,0,0.3520326205398262,1,1
"Amplitude + ring, 4 qubits",amplitude,ring,4,0,1,-0.809371355350626,0,0
"Amplitude + ring, 4 qubits",amplitude,ring,4,0,2,-0.8153074899132542,0,0
"Amplitude + ring, 4 qubits",amplitude,ring,4,0,3,-0.8416385781330127,0,0
"Amplitude + ring, 4 qubits",amplitude,ring,4,0,4,0.464788897199304,1,1
"Amplitude + ring, 4 qubits",amplitude,ring,4,0,5,-0.867314840074622,0,0
"Amplitude + ring, 4 qubits",amplitude,ring,4,0,6,-0.8755209106124419,0,0
"Amplitude + ring, 4 qubits",amplitude,ring,4,0,7,0.02936463086465,1,1
"Amplitude + ring, 4 qubits",amplitude,ring,4,0,8,0.9528162976055068,1,1
"Amplitude + ring, 4 qubits",amplitude,ring,4,0,9,-0.9227438647884916,0,0
"Amplitude + ring, 4 qubits",amplitude,ring,4,0,10,0.8329473556387744,1,1
"Amplitude + ring, 4 qubits",amplitude,ring,4,0,11,0.8391569722104933,1,1
"Amplitude + ring, 4 qubits",amplitude,ring,4,0,12,-0.9132158710775292,0,0
"Amplitude + ring, 4 qubits",amplitude,ring,4,0,13,-0.945869899185863,0,0
"Amplitude + ring, 4 qubits",amplitude,ring,4,0,14,-0.8855403278414063,0,0
"Amplitude + ring, 4 qubits",amplitude,ring,4,0,15,0.7949107478845581,1,1
"Amplitude + ring, 4 qubits",amplitude,ring,4,0,16,0.5127971539181213,1,1
"Amplitude + ring, 4 qubits",amplitude,ring,4,0,17,0.5386076652046831,1,1
"Amplitude + ring, 4 qubits",amplitude,ring,4,0,18,-0.933452830367771,0,0
"Amplitude + ring, 4 qubits",amplitude,ring,4,0,19,-0.1154381035992848,1,0
"Amplitude + ring, 4 qubits",amplitude,ring,4,0,20,-0.9275851974931032,0,0
"Amplitude + ring, 4 qubits",amplitude,ring,4,0,21,0.4249938373646459,1,1
"Amplitude + ring, 4 qubits",amplitude,ring,4,0,22,-0.9372291929221884,0,0
"Amplitude + ring, 4 qubits",amplitude,ring,4,0,23,-0.819560041425157,0,0
"Amplitude + ring, 4 qubits",amplitude,ring,4,0,24,-0.5713598238786343,0,0
"Amplitude + ring, 4 qubits",amplitude,ring,4,0,25,0.5293633749633018,1,1
"Amplitude + ring, 4 qubits",amplitude,ring,4,0,26,0.7125600883118454,1,1
"Amplitude + ring, 4 qubits",amplitude,ring,4,0,27,-0.9528078269591864,0,0
"Amplitude + ring, 4 qubits",amplitude,ring,4,0,28,-0.9215198676900828,0,0
"Amplitude + ring, 4 qubits",amplitude,ring,4,0,29,0.2120531548833186,1,1
"Amplitude + ring, 4 qubits",amplitude,ring,4,0,30,-0.7421875908079388,0,0
"Amplitude + ring, 4 qubits",amplitude,ring,4,0,31,-0.8930114003155254,0,0
"Amplitude + ring, 4 qubits",amplitude,ring,4,0,32,0.5453699099646763,1,1
"Amplitude + ring, 4 qubits",amplitude,ring,4,0,33,-0.950085813297088,0,0
"Amplitude + ring, 4 qubits",amplitude,ring,4,0,34,-0.7272817220152005,0,0
"Amplitude + ring, 4 qubits",amplitude,ring,4,0,35,0.5625965027558331,1,1
"Amplitude + ring, 4 qubits",amplitude,ring,4,0,36,0.724874061752732,1,1
"Amplitude + ring, 4 qubits",amplitude,ring,4,0,37,0.3917104526959385,1,1
"Amplitude + ring, 4 qubits",amplitude,ring,4,0,38,-0.8050213606542478,0,0
"Amplitude + ring, 4 qubits",amplitude,ring,4,0,39,-0.8783112514837191,0,0
"Amplitude + ring, 4 qubits",amplitude,ring,4,0,40,0.907096104843472,1,1
"Amplitude + ring, 4 qubits",amplitude,ring,4,0,41,-0.9273443484792548,0,0
"Amplitude + ring, 4 qubits",amplitude,ring,4,0,42,-0.9225504363370592,0,0
"Amplitude + ring, 4 qubits",amplitude,ring,4,0,43,0.3144046530455237,1,1
"Amplitude + ring, 4 qubits",amplitude,ring,4,0,44,0.600089962389456,1,1
"Amplitude + ring, 4 qubits",amplitude,ring,4,0,45,0.7597983774911614,1,1
"Amplitude + ring, 4 qubits",amplitude,ring,4,0,46,0.5710852541611043,1,1
"Amplitude + ring, 4 qubits",amplitude,ring,4,0,47,-0.6744286229281903,0,0
"Amplitude + ring, 4 qubits",amplitude,ring,4,0,48,0.5465652451585186,1,1
"Amplitude + ring, 4 qubits",amplitude,ring,4,0,49,-0.6719799736545117,0,0
"Amplitude + ring, 4 qubits",amplitude,ring,4,0,50,0.684691301671573,1,1
"Amplitude + ring, 4 qubits",amplitude,ring,4,0,51,-0.8239557239951505,0,0
"Amplitude + ring, 4 qubits",amplitude,ring,4,0,52,-0.9175864233538426,0,0
"Amplitude + ring, 4 qubits",amplitude,ring,4,0,53,0.6829370837117336,1,1
"Amplitude + ring, 4 qubits",amplitude,ring,4,0,54,0.2388676018264823,1,1
"Amplitude + ring, 4 qubits",amplitude,ring,4,0,55,-0.738897252808361,0,0
"Amplitude + ring, 4 qubits",amplitude,ring,4,0,56,-0.8337888559370623,0,0
"Amplitude + ring, 4 qubits",amplitude,ring,4,0,57,-0.1251392536218619,1,0
"Amplitude + ring, 4 qubits",amplitude,ring,4,0,58,-0.8459403263794301,0,0
"Amplitude + ring, 4 qubits",amplitude,ring,4,0,59,-0.956014652920712,0,0
"Amplitude + ring, 4 qubits",amplitude,ring,4,0,60,0.1899978802782324,1,1
"Amplitude + ring, 4 qubits",amplitude,ring,4,0,61,0.4379999880347305,1,1
"Amplitude + ring, 4 qubits",amplitude,ring,4,0,62,0.5142501490551096,1,1
"Amplitude + ring, 4 qubits",amplitude,ring,4,0,63,-0.706048700653438,0,0
"Amplitude + ring, 4 qubits",amplitude,ring,4,0,64,-0.7535670476978552,0,0
"Amplitude + ring, 4 qubits",amplitude,ring,4,0,65,0.6358331665426191,1,1
"Amplitude + ring, 4 qubits",amplitude,ring,4,0,66,-0.9388312672531872,0,0
"Amplitude + ring, 4 qubits",amplitude,ring,4,0,67,0.2805640466908405,1,1
"Amplitude + ring, 4 qubits",amplitude,ring,4,0,68,-0.8019528369396087,0,0
"Amplitude + ring, 4 qubits",amplitude,ring,4,0,69,-0.9065615423080302,0,0
"Amplitude + ring, 4 qubits",amplitude,ring,4,0,70,-0.8155892408757717,0,0
"Amplitude + ring, 4 qubits",amplitude,ring,4,0,71,0.7119121217939007,1,1
"Amplitude + ring, 4 qubits",amplitude,ring,4,0,72,0.4498720313789578,1,1
"Amplitude + ring, 4 qubits",amplitude,ring,4,0,73,0.3228575819260637,1,1
"Amplitude + ring, 4 qubits",amplitude,ring,4,0,74,0.5881979586892216,1,1
"Amplitude + ring, 4 qubits",amplitude,ring,4,0,75,-0.923847972327412,0,0
"Amplitude + ring, 4 qubits",amplitude,ring,4,0,76,-0.9270204569035008,0,0
"Amplitude + ring, 4 qubits",amplitude,ring,4,0,77,0.4286270337141562,1,1
"Amplitude + ring, 4 qubits",amplitude,ring,4,0,78,0.7523429976530611,1,1
"Amplitude + ring, 4 qubits",amplitude,ring,4,0,79,-0.8582732302186307,0,0
"Amplitude + ring, 4 qubits",amplitude,ring,4,0,80,0.7591193228329517,1,1
"Amplitude + ring, 4 qubits",amplitude,ring,4,0,81,0.8013831042811069,1,1
"Amplitude + ring, 4 qubits",amplitude,ring,4,0,82,-0.5201876938925012,0,0
"Amplitude + ring, 4 qubits",amplitude,ring,4,0,83,-0.7945913796608628,0,0
"Amplitude + ring, 4 qubits",amplitude,ring,4,0,84,0.6201891798512036,1,1
"Amplitude + ring, 4 qubits",amplitude,ring,4,0,85,0.5104089205467853,1,1
"Amplitude + ring, 4 qubits",amplitude,ring,4,0,86,0.8614364060859098,1,1
"Amplitude + ring, 4 qubits",amplitude,ring,4,0,87,0.384150844440252,1,1
"Amplitude + ring, 4 qubits",amplitude,ring,4,0,88,-0.8730110209231583,0,0
"Amplitude + ring, 4 qubits",amplitude,ring,4,0,89,0.2626711051271009,1,1
"Amplitude + ring, 4 qubits",amplitude,ring,4,0,90,-0.9447478919760074,0,0
"Amplitude + ring, 4 qubits",amplitude,ring,4,0,91,0.8915281998828716,1,1
"Amplitude + ring, 4 qubits",amplitude,ring,4,0,92,-0.7296457389042914,0,0
"Amplitude + ring, 4 qubits",amplitude,ring,4,0,93,0.5402043626854427,1,1
"Amplitude + ring, 4 qubits",amplitude,ring,4,0,94,-0.8752155635107157,0,0
"Amplitude + ring, 4 qubits",amplitude,ring,4,0,95,-0.8660817059096447,0,0
"Amplitude + ring, 4 qubits",amplitude,ring,4,0,96,-0.8286861358498361,0,0
"Amplitude + ring, 4 qubits",amplitude,ring,4,0,97,0.8398664630794911,1,1
"Amplitude + ring, 4 qubits",amplitude,ring,4,0,98,0.2240044004065525,1,1
"Amplitude + ring, 4 qubits",amplitude,ring,4,0,99,-0.2602976378877013,1,0
"Amplitude + ring, 4 qubits",amplitude,ring,4,1,0,0.2302899019363561,1,1
"Amplitude + ring, 4 qubits",amplitude,ring,4,1,1,-0.9120240427598756,0,0
"Amplitude + ring, 4 qubits",amplitude,ring,4,1,2,-0.9641977220596932,0,0
"Amplitude + ring, 4 qubits",amplitude,ring,4,1,3,-0.8986224741373109,0,0
"Amplitude + ring, 4 qubits",amplitude,ring,4,1,4,-0.9401767778286482,0,0
"Amplitude + ring, 4 qubits",amplitude,ring,4,1,5,0.3178553112040365,1,1
"Amplitude + ring, 4 qubits",amplitude,ring,4,1,6,-0.9604524176267124,0,0
"Amplitude + ring, 4 qubits",amplitude,ring,4,1,7,0.536396815275309,1,1
"Amplitude + ring, 4 qubits",amplitude,ring,4,1,8,0.2729575363537385,1,1
"Amplitude + ring, 4 qubits",amplitude,ring,4,1,9,-0.9469512027804065,0,0
"Amplitude + ring, 4 qubits",amplitude,ring,4,1,10,-0.868195593149177,0,0
"Amplitude + ring, 4 qubits",amplitude,ring,4,1,11,0.8266744028265067,1,1
"Amplitude + ring, 4 qubits",amplitude,ring,4,1,12,0.558640189722705,1,1
"Amplitude + ring, 4 qubits",amplitude,ring,4,1,13,0.5201798958020196,1,1
"Amplitude + ring, 4 qubits",amplitude,ring,4,1,14,-0.9395694368091608,0,0
"Amplitude + ring, 4 qubits",amplitude,ring,4,1,15,-0.8410311178091021,0,0
"Amplitude + ring, 4 qubits",amplitude,ring,4,1,16,0.278022161784164,1,1
"Amplitude + ring, 4 qubits",amplitude,ring,4,1,17,0.8791768593372817,1,1
"Amplitude + ring, 4 qubits",amplitude,ring,4,1,18,-0.8045517984644552,0,0
"Amplitude + ring, 4 qubits",amplitude,ring,4,1,19,0.9283636308210368,1,1
"Amplitude + ring, 4 qubits",amplitude,ring,4,1,20,-0.7936526244200656,0,0
"Amplitude + ring, 4 qubits",amplitude,ring,4,1,21,-0.9470696267056552,0,0
"Amplitude + ring, 4 qubits",amplitude,ring,4,1,22,0.2607189020814374,1,1
"Amplitude + ring, 4 qubits",amplitude,ring,4,1,23,-0.7011151689715668,0,0
"Amplitude + ring, 4 qubits",amplitude,ring,4,1,24,0.6966001572680887,1,1
"Amplitude + ring, 4 qubits",amplitude,ring,4,1,25,-0.9076422521850428,0,0
"Amplitude + ring, 4 qubits",amplitude,ring,4,1,26,0.5294314554253154,1,1
"Amplitude + ring, 4 qubits",amplitude,ring,4,1,27,0.4887941450968064,1,1
"Amplitude + ring, 4 qubits",amplitude,ring,4,1,28,0.4623459851075572,1,1
"Amplitude + ring, 4 qubits",amplitude,ring,4,1,29,0.4190585690634359,1,1
"Amplitude + ring, 4 qubits",amplitude,ring,4,1,30,-0.8620032751733095,0,0
"Amplitude + ring, 4 qubits",amplitude,ring,4,1,31,0.4310916418331245,1,1
"Amplitude + ring, 4 qubits",amplitude,ring,4,1,32,-0.9021654859753112,0,0
"Amplitude + ring, 4 qubits",amplitude,ring,4,1,33,-0.943185854970767,0,0
"Amplitude + ring, 4 qubits",amplitude,ring,4,1,34,-0.923048965119038,0,0
"Amplitude + ring, 4 qubits",amplitude,ring,4,1,35,-0.6221025385570035,0,0
"Amplitude + ring, 4 qubits",amplitude,ring,4,1,36,-0.8785852914042653,0,0
"Amplitude + ring, 4 qubits",amplitude,ring,4,1,37,0.7857536435341748,1,1
"Amplitude + ring, 4 qubits",amplitude,ring,4,1,38,0.3186604998371424,1,1
"Amplitude + ring, 4 qubits",amplitude,ring,4,1,39,0.5748996070877597,1,1
"Amplitude + ring, 4 qubits",amplitude,ring,4,1,40,-0.9137664303254868,0,0
"Amplitude + ring, 4 qubits",amplitude,ring,4,1,41,0.5225622978535669,1,1
"Amplitude + ring, 4 qubits",amplitude,ring,4,1,42,-0.9210147587477908,0,0
"Amplitude + ring, 4 qubits",amplitude,ring,4,1,43,-0.8752048252445112,0,0
"Amplitude + ring, 4 qubits",amplitude,ring,4,1,44,0.9019157490009349,1,1
"Amplitude + ring, 4 qubits",amplitude,ring,4,1,45,-0.9198310855849828,0,0
"Amplitude + ring, 4 qubits",amplitude,ring,4,1,46,-0.0590352404158532,1,0
"Amplitude + ring, 4 qubits",amplitude,ring,4,1,47,-0.6497467106248391,0,0
"Amplitude + ring, 4 qubits",amplitude,ring,4,1,48,0.6493151987818642,1,1
"Amplitude + ring, 4 qubits",amplitude,ring,4,1,49,0.3719858008389762,1,1
"Amplitude + ring, 4 qubits",amplitude,ring,4,1,50,-0.6139642955473635,0,0
"Amplitude + ring, 4 qubits",amplitude,ring,4,1,51,0.4784721135643029,1,1
"Amplitude + ring, 4 qubits",amplitude,ring,4,1,52,0.6622396285404445,1,1
"Amplitude + ring, 4 qubits",amplitude,ring,4,1,53,-0.9185644432558832,0,0
"Amplitude + ring, 4 qubits",amplitude,ring,4,1,54,0.414126788248956,1,1
"Amplitude + ring, 4 qubits",amplitude,ring,4,1,55,-0.8208176910855509,0,0
"Amplitude + ring, 4 qubits",amplitude,ring,4,1,56,0.793263303811258,1,1
"Amplitude + ring, 4 qubits",amplitude,ring,4,1,57,-0.8719284510697984,0,0
"Amplitude + ring, 4 qubits",amplitude,ring,4,1,58,0.7248349267631548,1,1
"Amplitude + ring, 4 qubits",amplitude,ring,4,1,59,-0.951338363429279,0,0
"Amplitude + ring, 4 qubits",amplitude,ring,4,1,60,-0.0201370740937172,1,0
"Amplitude + ring, 4 qubits",amplitude,ring,4,1,61,0.6504527825973376,1,1
"Amplitude + ring, 4 qubits",amplitude,ring,4,1,62,0.1907838394539887,1,1
"Amplitude + ring, 4 qubits",amplitude,ring,4,1,63,-0.973416554406643,0,0
"Amplitude + ring, 4 qubits",amplitude,ring,4,1,64,-0.9336096502954604,0,0
"Amplitude + ring, 4 qubits",amplitude,ring,4,1,65,0.8709041873438017,1,1
"Amplitude + ring, 4 qubits",amplitude,ring,4,1,66,0.5778486318994047,1,1
"Amplitude + ring, 4 qubits",amplitude,ring,4,1,67,0.5512972794090375,1,1
"Amplitude + ring, 4 qubits",amplitude,ring,4,1,68,0.831106380175255,1,1
"Amplitude + ring, 4 qubits",amplitude,ring,4,1,69,-0.8786495678180334,0,0
"Amplitude + ring, 4 qubits",amplitude,ring,4,1,70,-0.9198347687863808,0,0
"Amplitude + ring, 4 qubits",amplitude,ring,4,1,71,0.5313782174802938,1,1
"Amplitude + ring, 4 qubits",amplitude,ring,4,1,72,0.5678894179963375,1,1
"Amplitude + ring, 4 qubits",amplitude,ring,4,1,73,0.582072296863418,1,1
"Amplitude + ring, 4 qubits",amplitude,ring,4,1,74,-0.6780791825729121,0,0
"Amplitude + ring, 4 qubits",amplitude,ring,4,1,75,0.9752129534415244,1,1
"Amplitude + ring, 4 qubits",amplitude,ring,4,1,76,-0.903669363220883,0,0
"Amplitude + ring, 4 qubits",amplitude,ring,4,1,77,-0.6252823328928755,0,0
"Amplitude + ring, 4 qubits",amplitude,ring,4,1,78,0.4850057335033018,1,1
"Amplitude + ring, 4 qubits",amplitude,ring,4,1,79,-0.8544128819202141,0,0
"Amplitude + ring, 4 qubits",amplitude,ring,4,1,80,0.7915878894974897,1,1
"Amplitude + ring, 4 qubits",amplitude,ring,4,1,81,0.2469856676451875,1,1
"Amplitude + ring, 4 qubits",amplitude,ring,4,1,82,0.6513669954491532,1,1
"Amplitude + ring, 4 qubits",amplitude,ring,4,1,83,-0.1465539464103191,1,0
"Amplitude + ring, 4 qubits",amplitude,ring,4,1,84,-0.8904965549988784,0,0
"Amplitude + ring, 4 qubits",amplitude,ring,4,1,85,-0.7022317963823121,0,0
"Amplitude + ring, 4 qubits",amplitude,ring,4,1,86,0.5586984333653209,1,1
"Amplitude + ring, 4 qubits",amplitude,ring,4,1,87,-0.0124616893538009,1,0
"Amplitude + ring, 4 qubits",amplitude,ring,4,1,88,0.6863170650186543,1,1
"Amplitude + ring, 4 qubits",amplitude,ring,4,1,89,-0.9475738041016548,0,0
"Amplitude + ring, 4 qubits",amplitude,ring,4,1,90,-0.7629695972239604,0,0
"Amplitude + ring, 4 qubits",amplitude,ring,4,1,91,-0.9594593482830968,0,0
"Amplitude + ring, 4 qubits",amplitude,ring,4,1,92,0.9629247386134572,1,1
"Amplitude + ring, 4 qubits",amplitude,ring,4,1,93,-0.6805102659941591,0,0
"Amplitude + ring, 4 qubits",amplitude,ring,4,1,94,-0.9425579340012284,0,0
"Amplitude + ring, 4 qubits",amplitude,ring,4,1,95,-0.8874294027011828,0,0
"Amplitude + ring, 4 qubits",amplitude,ring,4,1,96,-0.9672054744079608,0,0
"Amplitude + ring, 4 qubits",amplitude,ring,4,1,97,-0.9037772606965294,0,0
"Amplitude + ring, 4 qubits",amplitude,ring,4,1,98,-0.8528760265340644,0,0
"Amplitude + ring, 4 qubits",amplitude,ring,4,1,99,0.548430613327985,1,1
"Amplitude + ring, 4 qubits",amplitude,ring,4,2,0,-0.1038348214467528,1,0
"Amplitude + ring, 4 qubits",amplitude,ring,4,2,1,-0.8662447765546567,0,0
"Amplitude + ring, 4 qubits",amplitude,ring,4,2,2,-0.8979415350503869,0,0
"Amplitude + ring, 4 qubits",amplitude,ring,4,2,3,-0.605756922427169,0,0
"Amplitude + ring, 4 qubits",amplitude,ring,4,2,4,0.5899715972023571,1,1
"Amplitude + ring, 4 qubits",amplitude,ring,4,2,5,0.5489295637008276,1,1
"Amplitude + ring, 4 qubits",amplitude,ring,4,2,6,-0.8878243166846291,0,0
"Amplitude + ring, 4 qubits",amplitude,ring,4,2,7,0.3808315824644369,1,1
"Amplitude + ring, 4 qubits",amplitude,ring,4,2,8,-0.6710305381983082,0,0
"Amplitude + ring, 4 qubits",amplitude,ring,4,2,9,-0.8816497055220571,0,0
"Amplitude + ring, 4 qubits",amplitude,ring,4,2,10,-0.7080518715039199,0,0
"Amplitude + ring, 4 qubits",amplitude,ring,4,2,11,-0.087265265213177,1,0
"Amplitude + ring, 4 qubits",amplitude,ring,4,2,12,-0.8818148921815022,0,0
"Amplitude + ring, 4 qubits",amplitude,ring,4,2,13,-0.9069066634749784,0,0
"Amplitude + ring, 4 qubits",amplitude,ring,4,2,14,0.1772077289143431,1,1
"Amplitude + ring, 4 qubits",amplitude,ring,4,2,15,0.8241905133311286,1,1
"Amplitude + ring, 4 qubits",amplitude,ring,4,2,16,-0.9053835070956854,0,0
"Amplitude + ring, 4 qubits",amplitude,ring,4,2,17,0.6983630531401875,1,1
"Amplitude + ring, 4 qubits",amplitude,ring,4,2,18,-0.8490238418341294,0,0
"Amplitude + ring, 4 qubits",amplitude,ring,4,2,19,-0.8417136338158933,0,0
"Amplitude + ring, 4 qubits",amplitude,ring,4,2,20,0.5492843035209533,1,1
"Amplitude + ring, 4 qubits",amplitude,ring,4,2,21,0.121359730734412,1,1
"Amplitude + ring, 4 qubits",amplitude,ring,4,2,22,-0.8896735084646791,0,0
"Amplitude + ring, 4 qubits",amplitude,ring,4,2,23,0.7472281789877404,1,1
"Amplitude + ring, 4 qubits",amplitude,ring,4,2,24,0.6948755138017793,1,1
"Amplitude + ring, 4 qubits",amplitude,ring,4,2,25,-0.4250058002485933,0,0
"Amplitude + ring, 4 qubits",amplitude,ring,4,2,26,0.5725477307466151,1,1
"Amplitude + ring, 4 qubits",amplitude,ring,4,2,27,-0.5730004156835324,0,0
"Amplitude + ring, 4 qubits",amplitude,ring,4,2,28,-0.8448135759099188,0,0
"Amplitude + ring, 4 qubits",amplitude,ring,4,2,29,0.312894469685775,1,1
"Amplitude + ring, 4 qubits",amplitude,ring,4,2,30,-0.8805738247136501,0,0
"Amplitude + ring, 4 qubits",amplitude,ring,4,2,31,-0.7223988875638558,0,0
"Amplitude + ring, 4 qubits",amplitude,ring,4,2,32,0.6564427007902667,1,1
"Amplitude + ring, 4 qubits",amplitude,ring,4,2,33,0.7456651378878951,1,1
"Amplitude + ring, 4 qubits",amplitude,ring,4,2,34,-0.9027574700729504,0,0
"Amplitude + ring, 4 qubits",amplitude,ring,4,2,35,-0.4908127310050404,0,0
"Amplitude + ring, 4 qubits",amplitude,ring,4,2,36,0.3702928394690138,1,1
"Amplitude + ring, 4 qubits",amplitude,ring,4,2,37,0.0715019554138436,1,1
"Amplitude + ring, 4 qubits",amplitude,ring,4,2,38,0.578447270245129,1,1
"Amplitude + ring, 4 qubits",amplitude,ring,4,2,39,-0.6512882634858523,0,0
"Amplitude + ring, 4 qubits",amplitude,ring,4,2,40,-0.8589956407895837,0,0
"Amplitude + ring, 4 qubits",amplitude,ring,4,2,41,0.6615425980800441,1,1
"Amplitude + ring, 4 qubits",amplitude,ring,4,2,42,-0.8855063123767362,0,0
"Amplitude + ring, 4 qubits",amplitude,ring,4,2,43,0.6297022432636243,1,1
"Amplitude + ring, 4 qubits",amplitude,ring,4,2,44,0.9000038314491381,1,1
"Amplitude + ring, 4 qubits",amplitude,ring,4,2,45,0.3518530253856246,1,1
"Amplitude + ring, 4 qubits",amplitude,ring,4,2,46,0.4102749707288848,1,1
"Amplitude + ring, 4 qubits",amplitude,ring,4,2,47,-0.7093953752989929,0,0
"Amplitude + ring, 4 qubits",amplitude,ring,4,2,48,-0.9172335327193664,0,0
"Amplitude + ring, 4 qubits",amplitude,ring,4,2,49,-0.8204073005588759,0,0
"Amplitude + ring, 4 qubits",amplitude,ring,4,2,50,-0.7842422577786212,0,0
"Amplitude + ring, 4 qubits",amplitude,ring,4,2,51,-0.8701654289325743,0,0
"Amplitude + ring, 4 qubits",amplitude,ring,4,2,52,0.1722594400679576,1,1
"Amplitude + ring, 4 qubits",amplitude,ring,4,2,53,0.932002948541845,1,1
"Amplitude + ring, 4 qubits",amplitude,ring,4,2,54,0.9020315290667064,1,1
"Amplitude + ring, 4 qubits",amplitude,ring,4,2,55,0.3433480507180129,1,1
"Amplitude + ring, 4 qubits",amplitude,ring,4,2,56,-0.7311807864557855,0,0
"Amplitude + ring, 4 qubits",amplitude,ring,4,2,57,-0.4933405557419701,0,0
"Amplitude + ring, 4 qubits",amplitude,ring,4,2,58,0.3153117802892627,1,1
"Amplitude + ring, 4 qubits",amplitude,ring,4,2,59,-0.7187670570597595,0,0
"Amplitude + ring, 4 qubits",amplitude,ring,4,2,60,0.726431847374287,1,1
"Amplitude + ring, 4 qubits",amplitude,ring,4,2,61,-0.7830574506476771,0,0
"Amplitude + ring, 4 qubits",amplitude,ring,4,2,62,0.8672778256054124,1,1
"Amplitude + ring, 4 qubits",amplitude,ring,4,2,63,-0.1228802855404542,1,0
"Amplitude + ring, 4 qubits",amplitude,ring,4,2,64,0.385569342309989,1,1
"Amplitude + ring, 4 qubits",amplitude,ring,4,2,65,-0.7913271779862894,0,0
"Amplitude + ring, 4 qubits",amplitude,ring,4,2,66,0.664462678217514,1,1
"Amplitude + ring, 4 qubits",amplitude,ring,4,2,67,-0.6337341228122366,0,0
"Amplitude + ring, 4 qubits",amplitude,ring,4,2,68,0.74121933425746,1,1
"Amplitude + ring, 4 qubits",amplitude,ring,4,2,69,-0.8625818998136281,0,0
"Amplitude + ring, 4 qubits",amplitude,ring,4,2,70,-0.8711480736084385,0,0
"Amplitude + ring, 4 qubits",amplitude,ring,4,2,71,-0.8644113790830883,0,0
"Amplitude + ring, 4 qubits",amplitude,ring,4,2,72,-0.8063814744127903,0,0
"Amplitude + ring, 4 qubits",amplitude,ring,4,2,73,-0.7279590320023841,0,0
"Amplitude + ring, 4 qubits",amplitude,ring,4,2,74,0.3362244445012833,1,1
"Amplitude + ring, 4 qubits",amplitude,ring,4,2,75,-0.6253408337790062,0,0
"Amplitude + ring, 4 qubits",amplitude,ring,4,2,76,0.8081734950334619,1,1
"Amplitude + ring, 4 qubits",amplitude,ring,4,2,77,-0.9084727355315454,0,0
"Amplitude + ring, 4 qubits",amplitude,ring,4,2,78,0.5320661351796514,1,1
"Amplitude + ring, 4 qubits",amplitude,ring,4,2,79,-0.8660410187121449,0,0
"Amplitude + ring, 4 qubits",amplitude,ring,4,2,80,0.9629437253105828,1,1
"Amplitude + ring, 4 qubits",amplitude,ring,4,2,81,-0.7760836223725807,0,0
"Amplitude + ring, 4 qubits",amplitude,ring,4,2,82,0.9498988726689022,1,1
"Amplitude + ring, 4 qubits",amplitude,ring,4,2,83,0.564184347862476,1,1
"Amplitude + ring, 4 qubits",amplitude,ring,4,2,84,0.381662653047812,1,1
"Amplitude + ring, 4 qubits",amplitude,ring,4,2,85,0.582290360011319,1,1
"Amplitude + ring, 4 qubits",amplitude,ring,4,2,86,-0.544831619716308,0,0
"Amplitude + ring, 4 qubits",amplitude,ring,4,2,87,0.6714700145357302,1,1
"Amplitude + ring, 4 qubits",amplitude,ring,4,2,88,-0.7028362427012586,0,0
"Amplitude + ring, 4 qubits",amplitude,ring,4,2,89,-0.6828917536179859,0,0
"Amplitude + ring, 4 qubits",amplitude,ring,4,2,90,0.8827393957025987,1,1
"Amplitude + ring, 4 qubits",amplitude,ring,4,2,91,0.6572627316439288,1,1
"Amplitude + ring, 4 qubits",amplitude,ring,4,2,92,0.1616028888821239,1,1
"Amplitude + ring, 4 qubits",amplitude,ring,4,2,93,-0.0679688743569084,1,0
"Amplitude + ring, 4 qubits",amplitude,ring,4,2,94,0.7623715934210171,1,1
"Amplitude + ring, 4 qubits",amplitude,ring,4,2,95,0.5829702136435286,1,1
"Amplitude + ring, 4 qubits",amplitude,ring,4,2,96,-0.7439106029119835,0,0
"Amplitude + ring, 4 qubits",amplitude,ring,4,2,97,0.386742409734069,1,1
"Amplitude + ring, 4 qubits",amplitude,ring,4,2,98,-0.8196111819395481,0,0
"Amplitude + ring, 4 qubits",amplitude,ring,4,2,99,-0.7412514970001814,0,0
"Amplitude + ring, 4 qubits",amplitude,ring,4,3,0,0.3348890740083562,1,1
"Amplitude + ring, 4 qubits",amplitude,ring,4,3,1,0.8333491877763862,1,1
"Amplitude + ring, 4 qubits",amplitude,ring,4,3,2,0.5035495228565177,1,1
"Amplitude + ring, 4 qubits",amplitude,ring,4,3,3,-0.6408167580296255,0,0
"Amplitude + ring, 4 qubits",amplitude,ring,4,3,4,-0.5255019195075402,0,0
"Amplitude + ring, 4 qubits",amplitude,ring,4,3,5,0.6194493951633884,1,1
"Amplitude + ring, 4 qubits",amplitude,ring,4,3,6,-0.6929142763931582,0,0
"Amplitude + ring, 4 qubits",amplitude,ring,4,3,7,-0.0878186461053004,1,0
"Amplitude + ring, 4 qubits",amplitude,ring,4,3,8,0.1365379180475943,1,1
"Amplitude + ring, 4 qubits",amplitude,ring,4,3,9,0.3800940543021759,1,1
"Amplitude + ring, 4 qubits",amplitude,ring,4,3,10,0.9133032957533844,1,1
"Amplitude + ring, 4 qubits",amplitude,ring,4,3,11,0.5424236540261075,1,1
"Amplitude + ring, 4 qubits",amplitude,ring,4,3,12,-0.7715285292767882,0,0
"Amplitude + ring, 4 qubits",amplitude,ring,4,3,13,-0.6332415229626469,0,0
"Amplitude + ring, 4 qubits",amplitude,ring,4,3,14,-0.745990401710451,0,0
"Amplitude + ring, 4 qubits",amplitude,ring,4,3,15,-0.4256368072748702,1,0
"Amplitude + ring, 4 qubits",amplitude,ring,4,3,16,0.0024259852521346,1,1
"Amplitude + ring, 4 qubits",amplitude,ring,4,3,17,0.2296717698187723,1,1
"Amplitude + ring, 4 qubits",amplitude,ring,4,3,18,-0.7238848706883694,0,0
"Amplitude + ring, 4 qubits",amplitude,ring,4,3,19,0.4682405258359527,1,1
"Amplitude + ring, 4 qubits",amplitude,ring,4,3,20,-0.7636137859238731,0,0
"Amplitude + ring, 4 qubits",amplitude,ring,4,3,21,-0.7761582033161869,0,0
"Amplitude + ring, 4 qubits",amplitude,ring,4,3,22,0.822620012167336,1,1
"Amplitude + ring, 4 qubits",amplitude,ring,4,3,23,-0.7471639708573881,0,0
"Amplitude + ring, 4 qubits",amplitude,ring,4,3,24,-0.4388756161525193,0,0
"Amplitude + ring, 4 qubits",amplitude,ring,4,3,25,-0.736474876619609,0,0
"Amplitude + ring, 4 qubits",amplitude,ring,4,3,26,-0.7597086663042216,0,0
"Amplitude + ring, 4 qubits",amplitude,ring,4,3,27,0.678140284283182,1,1
"Amplitude + ring, 4 qubits",amplitude,ring,4,3,28,-0.4978546035769828,0,0
"Amplitude + ring, 4 qubits",amplitude,ring,4,3,29,-0.6827226837078539,0,0
"Amplitude + ring, 4 qubits",amplitude,ring,4,3,30,-0.8097632947689207,0,0
"Amplitude + ring, 4 qubits",amplitude,ring,4,3,31,0.7225897361750447,1,1
"Amplitude + ring, 4 qubits",amplitude,ring,4,3,32,0.947804925934178,1,1
"Amplitude + ring, 4 qubits",amplitude,ring,4,3,33,0.6290230204308374,1,1
"Amplitude + ring, 4 qubits",amplitude,ring,4,3,34,-0.7179582823411197,0,0
"Amplitude + ring, 4 qubits",amplitude,ring,4,3,35,-0.519208533647147,0,0
"Amplitude + ring, 4 qubits",amplitude,ring,4,3,36,-0.7107627976314028,0,0
"Amplitude + ring, 4 qubits",amplitude,ring,4,3,37,0.7753349296282364,1,1
"Amplitude + ring, 4 qubits",amplitude,ring,4,3,38,-0.6024678171855424,1,0
"Amplitude + ring, 4 qubits",amplitude,ring,4,3,39,0.6136805948422658,1,1
"Amplitude + ring, 4 qubits",amplitude,ring,4,3,40,-0.7592343900182699,0,0
"Amplitude + ring, 4 qubits",amplitude,ring,4,3,41,0.8392066586702228,1,1
"Amplitude + ring, 4 qubits",amplitude,ring,4,3,42,-0.568002007463224,0,0
"Amplitude + ring, 4 qubits",amplitude,ring,4,3,43,0.6108615684697681,1,1
"Amplitude + ring, 4 qubits",amplitude,ring,4,3,44,0.5966381568765619,1,1
"Amplitude + ring, 4 qubits",amplitude,ring,4,3,45,-0.6712480742378935,0,0
"Amplitude + ring, 4 qubits",amplitude,ring,4,3,46,-0.7777767115155177,0,0
"Amplitude + ring, 4 qubits",amplitude,ring,4,3,47,0.7665309844961639,1,1
"Amplitude + ring, 4 qubits",amplitude,ring,4,3,48,0.7463493095929871,1,1
"Amplitude + ring, 4 qubits",amplitude,ring,4,3,49,-0.7635095290748458,0,0
"Amplitude + ring, 4 qubits",amplitude,ring,4,3,50,-0.4261659195836877,1,0
"Amplitude + ring, 4 qubits",amplitude,ring,4,3,51,0.7906092449370644,1,1
"Amplitude + ring, 4 qubits",amplitude,ring,4,3,52,0.5622331622477282,1,1
"Amplitude + ring, 4 qubits",amplitude,ring,4,3,53,0.34943711145629,1,1
"Amplitude + ring, 4 qubits",amplitude,ring,4,3,54,-0.8423948865874795,0,0
"Amplitude + ring, 4 qubits",amplitude,ring,4,3,55,-0.6400232695927655,0,0
"Amplitude + ring, 4 qubits",amplitude,ring,4,3,56,-0.6994474421779144,0,0
"Amplitude + ring, 4 qubits",amplitude,ring,4,3,57,0.0720489197571165,1,1
"Amplitude + ring, 4 qubits",amplitude,ring,4,3,58,-0.7410131946354396,0,0
"Amplitude + ring, 4 qubits",amplitude,ring,4,3,59,0.6221177164070688,1,1
"Amplitude + ring, 4 qubits",amplitude,ring,4,3,60,0.3609133547212849,1,1
"Amplitude + ring, 4 qubits",amplitude,ring,4,3,61,-0.7844293273060863,0,0
"Amplitude + ring, 4 qubits",amplitude,ring,4,3,62,-0.570124855193471,0,0
"Amplitude + ring, 4 qubits",amplitude,ring,4,3,63,0.6057072446684841,1,1
"Amplitude + ring, 4 qubits",amplitude,ring,4,3,64,-0.3665567516720867,1,0
"Amplitude + ring, 4 qubits",amplitude,ring,4,3,65,-0.8131967689737186,0,0
"Amplitude + ring, 4 qubits",amplitude,ring,4,3,66,0.181414273947007,1,1
"Amplitude + ring, 4 qubits",amplitude,ring,4,3,67,-0.735316297270922,0,0
"Amplitude + ring, 4 qubits",amplitude,ring,4,3,68,-0.7988373060173062,0,0
"Amplitude + ring, 4 qubits",amplitude,ring,4,3,69,0.2552667411287109,1,1
"Amplitude + ring, 4 qubits",amplitude,ring,4,3,70,-0.7979904099062686,0,0
"Amplitude + ring, 4 qubits",amplitude,ring,4,3,71,-0.7150852942206489,0,0
"Amplitude + ring, 4 qubits",amplitude,ring,4,3,72,0.8544092581300329,1,1
"Amplitude + ring, 4 qubits",amplitude,ring,4,3,73,-0.6667138303294332,0,0
"Amplitude + ring, 4 qubits",amplitude,ring,4,3,74,-0.6949139550183134,0,0
"Amplitude + ring, 4 qubits",amplitude,ring,4,3,75,0.1176816519558005,1,1
"Amplitude + ring, 4 qubits",amplitude,ring,4,3,76,-0.7300995258441714,0,0
"Amplitude + ring, 4 qubits",amplitude,ring,4,3,77,-0.6164482326235656,0,0
"Amplitude + ring, 4 qubits",amplitude,ring,4,3,78,-0.759770940971438,0,0
"Amplitude + ring, 4 qubits",amplitude,ring,4,3,79,-0.7253113267277584,0,0
"Amplitude + ring, 4 qubits",amplitude,ring,4,3,80,0.8971004763214765,1,1
"Amplitude + ring, 4 qubits",amplitude,ring,4,3,81,-0.7592932423592801,0,0
"Amplitude + ring, 4 qubits",amplitude,ring,4,3,82,0.5492042857438335,1,1
"Amplitude + ring, 4 qubits",amplitude,ring,4,3,83,-0.7452976861492894,0,0
"Amplitude + ring, 4 qubits",amplitude,ring,4,3,84,0.9006420909628025,1,1
"Amplitude + ring, 4 qubits",amplitude,ring,4,3,85,0.4886071306150097,1,1
"Amplitude + ring, 4 qubits",amplitude,ring,4,3,86,-0.6180263335645467,0,0
"Amplitude + ring, 4 qubits",amplitude,ring,4,3,87,-0.774662145011462,0,0
"Amplitude + ring, 4 qubits",amplitude,ring,4,3,88,0.3645683032164078,1,1
"Amplitude + ring, 4 qubits",amplitude,ring,4,3,89,0.4003433556108963,1,1
"Amplitude + ring, 4 qubits",amplitude,ring,4,3,90,-0.7558857072224736,0,0
"Amplitude + ring, 4 qubits",amplitude,ring,4,3,91,0.4304353561413459,1,1
"Amplitude + ring, 4 qubits",amplitude,ring,4,3,92,-0.6770983929471046,0,0
"Amplitude + ring, 4 qubits",amplitude,ring,4,3,93,0.7759143001167496,1,1
"Amplitude + ring, 4 qubits",amplitude,ring,4,3,94,0.5445894015674777,1,1
"Amplitude + ring, 4 qubits",amplitude,ring,4,3,95,-0.5496077454415352,1,0
"Amplitude + ring, 4 qubits",amplitude,ring,4,3,96,0.5818731962009384,1,1
"Amplitude + ring, 4 qubits",amplitude,ring,4,3,97,-0.8192216418026679,0,0
"Amplitude + ring, 4 qubits",amplitude,ring,4,3,98,-0.6961486140817198,0,0
"Amplitude + ring, 4 qubits",amplitude,ring,4,3,99,0.7921006312973073,1,1
"Amplitude + ring, 4 qubits",amplitude,ring,4,4,0,0.40644650786965,1,1
"Amplitude + ring, 4 qubits",amplitude,ring,4,4,1,0.0519945955828854,1,1
"Amplitude + ring, 4 qubits",amplitude,ring,4,4,2,0.5794323265768788,1,1
"Amplitude + ring, 4 qubits",amplitude,ring,4,4,3,0.7589866850054225,1,1
"Amplitude + ring, 4 qubits",amplitude,ring,4,4,4,0.4817883648815856,1,1
"Amplitude + ring, 4 qubits",amplitude,ring,4,4,5,-0.8756495321196869,0,0
"Amplitude + ring, 4 qubits",amplitude,ring,4,4,6,-0.8804515396798466,0,0
"Amplitude + ring, 4 qubits",amplitude,ring,4,4,7,-0.7594865327634319,0,0
"Amplitude + ring, 4 qubits",amplitude,ring,4,4,8,-0.8355661098198678,0,0
"Amplitude + ring, 4 qubits",amplitude,ring,4,4,9,0.9099846122065942,1,1
"Amplitude + ring, 4 qubits",amplitude,ring,4,4,10,-0.0056530525713741,1,0
"Amplitude + ring, 4 qubits",amplitude,ring,4,4,11,0.4905082416764066,1,1
"Amplitude + ring, 4 qubits",amplitude,ring,4,4,12,-0.9056627966548872,0,0
"Amplitude + ring, 4 qubits",amplitude,ring,4,4,13,-0.8999162277630441,0,0
"Amplitude + ring, 4 qubits",amplitude,ring,4,4,14,0.8148525747830192,1,1
"Amplitude + ring, 4 qubits",amplitude,ring,4,4,15,-0.7065741284811466,0,0
"Amplitude + ring, 4 qubits",amplitude,ring,4,4,16,-0.7910615718359231,0,0
"Amplitude + ring, 4 qubits",amplitude,ring,4,4,17,-0.8562727280521264,0,0
"Amplitude + ring, 4 qubits",amplitude,ring,4,4,18,0.480200832634902,1,1
"Amplitude + ring, 4 qubits",amplitude,ring,4,4,19,0.6966559559812887,1,1
"Amplitude + ring, 4 qubits",amplitude,ring,4,4,20,-0.657406577968437,0,0
"Amplitude + ring, 4 qubits",amplitude,ring,4,4,21,0.3889562466021776,1,1
"Amplitude + ring, 4 qubits",amplitude,ring,4,4,22,0.5730706797592919,1,1
"Amplitude + ring, 4 qubits",amplitude,ring,4,4,23,-0.7373319131177826,0,0
"Amplitude + ring, 4 qubits",amplitude,ring,4,4,24,0.152540454314065,1,1
"Amplitude + ring, 4 qubits",amplitude,ring,4,4,25,-0.8337523111204673,0,0
"Amplitude + ring, 4 qubits",amplitude,ring,4,4,26,0.5789316386682055,1,1
"Amplitude + ring, 4 qubits",amplitude,ring,4,4,27,-0.905854187759408,0,0
"Amplitude + ring, 4 qubits",amplitude,ring,4,4,28,-0.9188205018887116,0,0
"Amplitude + ring, 4 qubits",amplitude,ring,4,4,29,0.5427258139367577,1,1
"Amplitude + ring, 4 qubits",amplitude,ring,4,4,30,-0.9604230971321196,0,0
"Amplitude + ring, 4 qubits",amplitude,ring,4,4,31,-0.9552448885071236,0,0
"Amplitude + ring, 4 qubits",amplitude,ring,4,4,32,-0.9064747558561176,0,0
"Amplitude + ring, 4 qubits",amplitude,ring,4,4,33,-0.0584132648204968,1,0
"Amplitude + ring, 4 qubits",amplitude,ring,4,4,34,0.439148674696377,1,1
"Amplitude + ring, 4 qubits",amplitude,ring,4,4,35,-0.046425488042265,1,0
"Amplitude + ring, 4 qubits",amplitude,ring,4,4,36,-0.8430039677381994,0,0
"Amplitude + ring, 4 qubits",amplitude,ring,4,4,37,-0.8215986161444296,0,0
"Amplitude + ring, 4 qubits",amplitude,ring,4,4,38,-0.9024996355039668,0,0
"Amplitude + ring, 4 qubits",amplitude,ring,4,4,39,0.6913226674434746,1,1
"Amplitude + ring, 4 qubits",amplitude,ring,4,4,40,0.2429374947398748,1,1
"Amplitude + ring, 4 qubits",amplitude,ring,4,4,41,-0.9073780130063008,0,0
"Amplitude + ring, 4 qubits",amplitude,ring,4,4,42,-0.8767737551896926,0,0
"Amplitude + ring, 4 qubits",amplitude,ring,4,4,43,-0.8974285014150191,0,0
"Amplitude + ring, 4 qubits",amplitude,ring,4,4,44,-0.9338809286502024,0,0
"Amplitude + ring, 4 qubits",amplitude,ring,4,4,45,0.2406748442483848,1,1
"Amplitude + ring, 4 qubits",amplitude,ring,4,4,46,-0.7902054341495004,0,0
"Amplitude + ring, 4 qubits",amplitude,ring,4,4,47,-0.8155583714533846,0,0
"Amplitude + ring, 4 qubits",amplitude,ring,4,4,48,0.1668070333288073,1,1
"Amplitude + ring, 4 qubits",amplitude,ring,4,4,49,0.5785885242410693,1,1
"Amplitude + ring, 4 qubits",amplitude,ring,4,4,50,0.7441981575513356,1,1
"Amplitude + ring, 4 qubits",amplitude,ring,4,4,51,-0.9302017003776276,0,0
"Amplitude + ring, 4 qubits",amplitude,ring,4,4,52,0.2676687519079992,1,1
"Amplitude + ring, 4 qubits",amplitude,ring,4,4,53,-0.2637637376093967,1,0
"Amplitude + ring, 4 qubits",amplitude,ring,4,4,54,0.8334150712525608,1,1
"Amplitude + ring, 4 qubits",amplitude,ring,4,4,55,0.5025793669993424,1,1
"Amplitude + ring, 4 qubits",amplitude,ring,4,4,56,-0.8793539855284287,0,0
"Amplitude + ring, 4 qubits",amplitude,ring,4,4,57,-0.9044104281479504,0,0
"Amplitude + ring, 4 qubits",amplitude,ring,4,4,58,-0.8787946591142242,0,0
"Amplitude + ring, 4 qubits",amplitude,ring,4,4,59,-0.9091816761985166,0,0
"Amplitude + ring, 4 qubits",amplitude,ring,4,4,60,-0.8586662770555568,0,0
"Amplitude + ring, 4 qubits",amplitude,ring,4,4,61,0.5609475577721288,1,1
"Amplitude + ring, 4 qubits",amplitude,ring,4,4,62,-0.8677499391779412,0,0
"Amplitude + ring, 4 qubits",amplitude,ring,4,4,63,0.7031749507644631,1,1
"Amplitude + ring, 4 qubits",amplitude,ring,4,4,64,0.5843855384961161,1,1
"Amplitude + ring, 4 qubits",amplitude,ring,4,4,65,-0.9289884697164992,0,0
"Amplitude + ring, 4 qubits",amplitude,ring,4,4,66,0.7058334354344145,1,1
"Amplitude + ring, 4 qubits",amplitude,ring,4,4,67,-0.9151660092797996,0,0
"Amplitude + ring, 4 qubits",amplitude,ring,4,4,68,0.9431125171879496,1,1
"Amplitude + ring, 4 qubits",amplitude,ring,4,4,69,-0.7438852730989296,0,0
"Amplitude + ring, 4 qubits",amplitude,ring,4,4,70,0.3237927669474527,1,1
"Amplitude + ring, 4 qubits",amplitude,ring,4,4,71,-0.933869371000805,0,0
"Amplitude + ring, 4 qubits",amplitude,ring,4,4,72,0.5492251313047322,1,1
"Amplitude + ring, 4 qubits",amplitude,ring,4,4,73,-0.8619516107957481,0,0
"Amplitude + ring, 4 qubits",amplitude,ring,4,4,74,0.8213687767100405,1,1
"Amplitude + ring, 4 qubits",amplitude,ring,4,4,75,-0.7689761051749298,0,0
"Amplitude + ring, 4 qubits",amplitude,ring,4,4,76,-0.8614166151593832,0,0
"Amplitude + ring, 4 qubits",amplitude,ring,4,4,77,0.5593702575918984,1,1
"Amplitude + ring, 4 qubits",amplitude,ring,4,4,78,0.9152131200921244,1,1
"Amplitude + ring, 4 qubits",amplitude,ring,4,4,79,0.6644238629979315,1,1
"Amplitude + ring, 4 qubits",amplitude,ring,4,4,80,0.5437176455517667,1,1
"Amplitude + ring, 4 qubits",amplitude,ring,4,4,81,-0.9308482659788052,0,0
"Amplitude + ring, 4 qubits",amplitude,ring,4,4,82,0.8194590823873091,1,1
"Amplitude + ring, 4 qubits",amplitude,ring,4,4,83,-0.6092143604423971,0,0
"Amplitude + ring, 4 qubits",amplitude,ring,4,4,84,-0.7769960820508661,0,0
"Amplitude + ring, 4 qubits",amplitude,ring,4,4,85,0.7372483185693259,1,1
"Amplitude + ring, 4 qubits",amplitude,ring,4,4,86,-0.9096557877037964,0,0
"Amplitude + ring, 4 qubits",amplitude,ring,4,4,87,0.9339963432503048,1,1
"Amplitude + ring, 4 qubits",amplitude,ring,4,4,88,0.3142959324678276,1,1
"Amplitude + ring, 4 qubits",amplitude,ring,4,4,89,-0.0569489276652487,1,0
"Amplitude + ring, 4 qubits",amplitude,ring,4,4,90,0.7809503658231147,1,1
"Amplitude + ring, 4 qubits",amplitude,ring,4,4,91,-0.9345560156797972,0,0
"Amplitude + ring, 4 qubits",amplitude,ring,4,4,92,0.3353589698385202,1,1
"Amplitude + ring, 4 qubits",amplitude,ring,4,4,93,-0.9361421206816392,0,0
"Amplitude + ring, 4 qubits",amplitude,ring,4,4,94,0.9705126447305384,1,1
"Amplitude + ring, 4 qubits",amplitude,ring,4,4,95,-0.8835023725391467,0,0
"Amplitude + ring, 4 qubits",amplitude,ring,4,4,96,0.7337332939714795,1,1
"Amplitude + ring, 4 qubits",amplitude,ring,4,4,97,-0.8303065559018785,0,0
"Amplitude + ring, 4 qubits",amplitude,ring,4,4,98,0.6542661696036634,1,1
"Amplitude + ring, 4 qubits",amplitude,ring,4,4,99,-0.9139358714524488,0,0
"Amplitude + no entangling gates, 4 qubits",amplitude,none,4,0,0,0.3313764799259643,1,1
"Amplitude + no entangling gates, 4 qubits",amplitude,none,4,0,1,0.0751135542119905,0,1
"Amplitude + no entangling gates, 4 qubits",amplitude,none,4,0,2,-0.1950041179640063,0,0
"Amplitude + no entangling gates, 4 qubits",amplitude,none,4,0,3,-0.0594719320172207,0,0
"Amplitude + no entangling gates, 4 qubits",amplitude,none,4,0,4,-0.0130695360732722,1,0
"Amplitude + no entangling gates, 4 qubits",amplitude,none,4,0,5,-0.133732697413553,0,0
"Amplitude + no entangling gates, 4 qubits",amplitude,none,4,0,6,-0.0369557460623205,0,0
"Amplitude + no entangling gates, 4 qubits",amplitude,none,4,0,7,0.2857199104471547,1,1
"Amplitude + no entangling gates, 4 qubits",amplitude,none,4,0,8,-0.1617904139631144,1,0
"Amplitude + no entangling gates, 4 qubits",amplitude,none,4,0,9,0.0924581248440863,0,1
"Amplitude + no entangling gates, 4 qubits",amplitude,none,4,0,10,-0.1360000865129595,1,0
"Amplitude + no entangling gates, 4 qubits",amplitude,none,4,0,11,-0.1840272089566746,1,0
"Amplitude + no entangling gates, 4 qubits",amplitude,none,4,0,12,0.1124053781660502,0,1
"Amplitude + no entangling gates, 4 qubits",amplitude,none,4,0,13,-0.1130003942233633,0,0
"Amplitude + no entangling gates, 4 qubits",amplitude,none,4,0,14,0.3100408791428516,0,1
"Amplitude + no entangling gates, 4 qubits",amplitude,none,4,0,15,-0.0274978560089139,1,0
"Amplitude + no entangling gates, 4 qubits",amplitude,none,4,0,16,-0.0399450972953586,1,0
"Amplitude + no entangling gates, 4 qubits",amplitude,none,4,0,17,0.2288831018739262,1,1
"Amplitude + no entangling gates, 4 qubits",amplitude,none,4,0,18,-0.0222947391499899,0,0
"Amplitude + no entangling gates, 4 qubits",amplitude,none,4,0,19,0.1578519954392232,1,1
"Amplitude + no entangling gates, 4 qubits",amplitude,none,4,0,20,-0.0944083537117548,0,0
"Amplitude + no entangling gates, 4 qubits",amplitude,none,4,0,21,0.1198553595958148,1,1
"Amplitude + no entangling gates, 4 qubits",amplitude,none,4,0,22,0.0644617861473563,0,1
"Amplitude + no entangling gates, 4 qubits",amplitude,none,4,0,23,0.0172126440375258,0,1
"Amplitude + no entangling gates, 4 qubits",amplitude,none,4,0,24,0.1957938144621384,0,1
"Amplitude + no entangling gates, 4 qubits",amplitude,none,4,0,25,0.1012887282524682,1,1
"Amplitude + no entangling gates, 4 qubits",amplitude,none,4,0,26,-0.1345057643900212,1,0
"Amplitude + no entangling gates, 4 qubits",amplitude,none,4,0,27,-0.1028414300854714,0,0
"Amplitude + no entangling gates, 4 qubits",amplitude,none,4,0,28,0.0284396315499366,0,1
"Amplitude + no entangling gates, 4 qubits",amplitude,none,4,0,29,0.0889709255864913,1,1
"Amplitude + no entangling gates, 4 qubits",amplitude,none,4,0,30,0.0521051538830826,0,1
"Amplitude + no entangling gates, 4 qubits",amplitude,none,4,0,31,-0.0831981997369941,0,0
"Amplitude + no entangling gates, 4 qubits",amplitude,none,4,0,32,0.1949290427058395,1,1
"Amplitude + no entangling gates, 4 qubits",amplitude,none,4,0,33,0.0618458305227379,0,1
"Amplitude + no entangling gates, 4 qubits",amplitude,none,4,0,34,-0.1361249087665841,0,0
"Amplitude + no entangling gates, 4 qubits",amplitude,none,4,0,35,-0.0667135288771331,1,0
"Amplitude + no entangling gates, 4 qubits",amplitude,none,4,0,36,0.0335102060609422,1,1
"Amplitude + no entangling gates, 4 qubits",amplitude,none,4,0,37,-0.0216314003690369,1,0
"Amplitude + no entangling gates, 4 qubits",amplitude,none,4,0,38,0.0414472720784599,0,1
"Amplitude + no entangling gates, 4 qubits",amplitude,none,4,0,39,-0.0068888275069222,0,0
"Amplitude + no entangling gates, 4 qubits",amplitude,none,4,0,40,-0.1053886212111419,1,0
"Amplitude + no entangling gates, 4 qubits",amplitude,none,4,0,41,-0.1925090355749166,0,0
"Amplitude + no entangling gates, 4 qubits",amplitude,none,4,0,42,0.0023343167969905,0,1
"Amplitude + no entangling gates, 4 qubits",amplitude,none,4,0,43,-0.0649879662877568,1,0
"Amplitude + no entangling gates, 4 qubits",amplitude,none,4,0,44,-0.0697183124112756,1,0
"Amplitude + no entangling gates, 4 qubits",amplitude,none,4,0,45,-0.0827822391923681,1,0
"Amplitude + no entangling gates, 4 qubits",amplitude,none,4,0,46,0.1072012622106043,1,1
"Amplitude + no entangling gates, 4 qubits",amplitude,none,4,0,47,-0.2417618187105331,0,0
"Amplitude + no entangling gates, 4 qubits",amplitude,none,4,0,48,0.1537339536677701,1,1
"Amplitude + no entangling gates, 4 qubits",amplitude,none,4,0,49,0.0346333234804333,0,1
"Amplitude + no entangling gates, 4 qubits",amplitude,none,4,0,50,0.0672041509334827,1,1
"Amplitude + no entangling gates, 4 qubits",amplitude,none,4,0,51,0.0790025466034367,0,1
"Amplitude + no entangling gates, 4 qubits",amplitude,none,4,0,52,-0.0215626195849298,0,0
"Amplitude + no entangling gates, 4 qubits",amplitude,none,4,0,53,0.0913577103339897,1,1
"Amplitude + no entangling gates, 4 qubits",amplitude,none,4,0,54,0.1157295316422167,1,1
"Amplitude + no entangling gates, 4 qubits",amplitude,none,4,0,55,0.0507760361530514,0,1
"Amplitude + no entangling gates, 4 qubits",amplitude,none,4,0,56,0.0361079440516658,0,1
"Amplitude + no entangling gates, 4 qubits",amplitude,none,4,0,57,0.2934269803727445,1,1
"Amplitude + no entangling gates, 4 qubits",amplitude,none,4,0,58,-0.0827804255628695,0,0
"Amplitude + no entangling gates, 4 qubits",amplitude,none,4,0,59,-0.2769743517787307,0,0
"Amplitude + no entangling gates, 4 qubits",amplitude,none,4,0,60,-0.0861407527458061,1,0
"Amplitude + no entangling gates, 4 qubits",amplitude,none,4,0,61,-0.0483240175836068,1,0
"Amplitude + no entangling gates, 4 qubits",amplitude,none,4,0,62,-0.1225463890297002,1,0
"Amplitude + no entangling gates, 4 qubits",amplitude,none,4,0,63,-0.1235117198525704,0,0
"Amplitude + no entangling gates, 4 qubits",amplitude,none,4,0,64,-0.2004932656923926,0,0
"Amplitude + no entangling gates, 4 qubits",amplitude,none,4,0,65,0.2315915034910163,1,1
"Amplitude + no entangling gates, 4 qubits",amplitude,none,4,0,66,-0.0946627472873112,0,0
"Amplitude + no entangling gates, 4 qubits",amplitude,none,4,0,67,0.056067923556229,1,1
"Amplitude + no entangling gates, 4 qubits",amplitude,none,4,0,68,0.0826851278194951,0,1
"Amplitude + no entangling gates, 4 qubits",amplitude,none,4,0,69,-0.211685912739849,0,0
"Amplitude + no entangling gates, 4 qubits",amplitude,none,4,0,70,0.1795674703974294,0,1
"Amplitude + no entangling gates, 4 qubits",amplitude,none,4,0,71,-0.0669711130038215,1,0
"Amplitude + no entangling gates, 4 qubits",amplitude,none,4,0,72,-0.0376358001568439,1,0
"Amplitude + no entangling gates, 4 qubits",amplitude,none,4,0,73,-0.1236944149937836,1,0
"Amplitude + no entangling gates, 4 qubits",amplitude,none,4,0,74,-0.1018956249576106,1,0
"Amplitude + no entangling gates, 4 qubits",amplitude,none,4,0,75,-0.0330514313586431,0,0
"Amplitude + no entangling gates, 4 qubits",amplitude,none,4,0,76,-0.2222218041928365,0,0
"Amplitude + no entangling gates, 4 qubits",amplitude,none,4,0,77,0.195144155688735,1,1
"Amplitude + no entangling gates, 4 qubits",amplitude,none,4,0,78,0.1660313597159012,1,1
"Amplitude + no entangling gates, 4 qubits",amplitude,none,4,0,79,-0.052281666201474,0,0
"Amplitude + no entangling gates, 4 qubits",amplitude,none,4,0,80,-0.2451286203899154,1,0
"Amplitude + no entangling gates, 4 qubits",amplitude,none,4,0,81,-0.0956753339073923,1,0
"Amplitude + no entangling gates, 4 qubits",amplitude,none,4,0,82,-0.3813704157603956,0,0
"Amplitude + no entangling gates, 4 qubits",amplitude,none,4,0,83,-0.0211827604929848,0,0
"Amplitude + no entangling gates, 4 qubits",amplitude,none,4,0,84,0.0545891526634911,1,1
"Amplitude + no entangling gates, 4 qubits",amplitude,none,4,0,85,-0.0391089089446033,1,0
"Amplitude + no entangling gates, 4 qubits",amplitude,none,4,0,86,-0.007977514298778,1,0
"Amplitude + no entangling gates, 4 qubits",amplitude,none,4,0,87,0.3031914417786336,1,1
"Amplitude + no entangling gates, 4 qubits",amplitude,none,4,0,88,-0.0105590366023284,0,0
"Amplitude + no entangling gates, 4 qubits",amplitude,none,4,0,89,-0.0971589438309024,1,0
"Amplitude + no entangling gates, 4 qubits",amplitude,none,4,0,90,-0.1638677962792336,0,0
"Amplitude + no entangling gates, 4 qubits",amplitude,none,4,0,91,-0.1199177073192324,1,0
"Amplitude + no entangling gates, 4 qubits",amplitude,none,4,0,92,-0.0717914918266304,0,0
"Amplitude + no entangling gates, 4 qubits",amplitude,none,4,0,93,0.163131862330011,1,1
"Amplitude + no entangling gates, 4 qubits",amplitude,none,4,0,94,0.2227406606233128,0,1
"Amplitude + no entangling gates, 4 qubits",amplitude,none,4,0,95,-0.1856030583229204,0,0
"Amplitude + no entangling gates, 4 qubits",amplitude,none,4,0,96,-0.0950607765668735,0,0
"Amplitude + no entangling gates, 4 qubits",amplitude,none,4,0,97,-0.2037060075712876,1,0
"Amplitude + no entangling gates, 4 qubits",amplitude,none,4,0,98,-0.0735372051192307,1,0
"Amplitude + no entangling gates, 4 qubits",amplitude,none,4,0,99,0.2773282230682408,1,1
"Amplitude + no entangling gates, 4 qubits",amplitude,none,4,1,0,0.2714249328454203,1,1
"Amplitude + no entangling gates, 4 qubits",amplitude,none,4,1,1,0.0670870363519156,0,1
"Amplitude + no entangling gates, 4 qubits",amplitude,none,4,1,2,0.0390132386112772,0,1
"Amplitude + no entangling gates, 4 qubits",amplitude,none,4,1,3,-0.0302894559215105,0,0
"Amplitude + no entangling gates, 4 qubits",amplitude,none,4,1,4,0.1071268533267313,0,1
"Amplitude + no entangling gates, 4 qubits",amplitude,none,4,1,5,0.0377959230494998,1,1
"Amplitude + no entangling gates, 4 qubits",amplitude,none,4,1,6,-0.1231580939359139,0,0
"Amplitude + no entangling gates, 4 qubits",amplitude,none,4,1,7,-0.0923850951593834,1,0
"Amplitude + no entangling gates, 4 qubits",amplitude,none,4,1,8,0.0310191999396183,1,1
"Amplitude + no entangling gates, 4 qubits",amplitude,none,4,1,9,-0.0485273844771001,0,0
"Amplitude + no entangling gates, 4 qubits",amplitude,none,4,1,10,0.0087589039625766,0,1
"Amplitude + no entangling gates, 4 qubits",amplitude,none,4,1,11,-0.1480719978212496,1,0
"Amplitude + no entangling gates, 4 qubits",amplitude,none,4,1,12,0.084453733288377,1,1
"Amplitude + no entangling gates, 4 qubits",amplitude,none,4,1,13,-0.0623274806005841,1,0
"Amplitude + no entangling gates, 4 qubits",amplitude,none,4,1,14,-0.0635315322873981,0,0
"Amplitude + no entangling gates, 4 qubits",amplitude,none,4,1,15,-0.1498419221397423,0,0
"Amplitude + no entangling gates, 4 qubits",amplitude,none,4,1,16,0.1366848581048111,1,1
"Amplitude + no entangling gates, 4 qubits",amplitude,none,4,1,17,-0.2855666140030893,1,0
"Amplitude + no entangling gates, 4 qubits",amplitude,none,4,1,18,-0.0095563275836195,0,0
"Amplitude + no entangling gates, 4 qubits",amplitude,none,4,1,19,-0.1329769197261764,1,0
"Amplitude + no entangling gates, 4 qubits",amplitude,none,4,1,20,0.3188738648283067,0,1
"Amplitude + no entangling gates, 4 qubits",amplitude,none,4,1,21,0.0105218019307491,0,1
"Amplitude + no entangling gates, 4 qubits",amplitude,none,4,1,22,-0.1634354972667287,1,0
"Amplitude + no entangling gates, 4 qubits",amplitude,none,4,1,23,-0.0612684353482903,0,0
"Amplitude + no entangling gates, 4 qubits",amplitude,none,4,1,24,0.1506645898942203,1,1
"Amplitude + no entangling gates, 4 qubits",amplitude,none,4,1,25,-0.0323962948145887,0,0
"Amplitude + no entangling gates, 4 qubits",amplitude,none,4,1,26,0.182338191863912,1,1
"Amplitude + no entangling gates, 4 qubits",amplitude,none,4,1,27,0.1112968367553183,1,1
"Amplitude + no entangling gates, 4 qubits",amplitude,none,4,1,28,-0.0770383448505586,1,0
"Amplitude + no entangling gates, 4 qubits",amplitude,none,4,1,29,0.0456614755903831,1,1
"Amplitude + no entangling gates, 4 qubits",amplitude,none,4,1,30,-0.1293541168204404,0,0
"Amplitude + no entangling gates, 4 qubits",amplitude,none,4,1,31,-0.171509668886211,1,0
"Amplitude + no entangling gates, 4 qubits",amplitude,none,4,1,32,-0.0509936333599479,0,0
"Amplitude + no entangling gates, 4 qubits",amplitude,none,4,1,33,0.2160729199231936,0,1
"Amplitude + no entangling gates, 4 qubits",amplitude,none,4,1,34,-0.0046492002934553,0,0
"Amplitude + no entangling gates, 4 qubits",amplitude,none,4,1,35,-0.1106896003942701,0,0
"Amplitude + no entangling gates, 4 qubits",amplitude,none,4,1,36,-0.0480359062943591,0,0
"Amplitude + no entangling gates, 4 qubits",amplitude,none,4,1,37,-0.1824099224986282,1,0
"Amplitude + no entangling gates, 4 qubits",amplitude,none,4,1,38,-0.1536284085698894,1,0
"Amplitude + no entangling gates, 4 qubits",amplitude,none,4,1,39,-0.1686694456324461,1,0
"Amplitude + no entangling gates, 4 qubits",amplitude,none,4,1,40,-0.0389808053237309,0,0
"Amplitude + no entangling gates, 4 qubits",amplitude,none,4,1,41,-0.152368301779842,1,0
"Amplitude + no entangling gates, 4 qubits",amplitude,none,4,1,42,-0.2644114214512869,0,0
"Amplitude + no entangling gates, 4 qubits",amplitude,none,4,1,43,0.0612975044856747,0,1
"Amplitude + no entangling gates, 4 qubits",amplitude,none,4,1,44,-0.1336151322873571,1,0
"Amplitude + no entangling gates, 4 qubits",amplitude,none,4,1,45,-0.0011550858167045,0,0
"Amplitude + no entangling gates, 4 qubits",amplitude,none,4,1,46,0.0754174570421474,1,1
"Amplitude + no entangling gates, 4 qubits",amplitude,none,4,1,47,-0.2071693635421134,0,0
"Amplitude + no entangling gates, 4 qubits",amplitude,none,4,1,48,-0.2854080376577579,1,0
"Amplitude + no entangling gates, 4 qubits",amplitude,none,4,1,49,-0.0762603245686935,1,0
"Amplitude + no entangling gates, 4 qubits",amplitude,none,4,1,50,-0.1031845131721029,0,0
"Amplitude + no entangling gates, 4 qubits",amplitude,none,4,1,51,-0.1688368788472893,1,0
"Amplitude + no entangling gates, 4 qubits",amplitude,none,4,1,52,-0.2395162009171481,1,0
"Amplitude + no entangling gates, 4 qubits",amplitude,none,4,1,53,0.118228705184981,0,1
"Amplitude + no entangling gates, 4 qubits",amplitude,none,4,1,54,-0.1677901587772078,1,0
"Amplitude + no entangling gates, 4 qubits",amplitude,none,4,1,55,0.0538759974576252,0,1
"Amplitude + no entangling gates, 4 qubits",amplitude,none,4,1,56,-0.1121658003682078,1,0
"Amplitude + no entangling gates, 4 qubits",amplitude,none,4,1,57,0.0534569514490556,0,1
"Amplitude + no entangling gates, 4 qubits",amplitude,none,4,1,58,0.0687574863947168,1,1
"Amplitude + no entangling gates, 4 qubits",amplitude,none,4,1,59,0.0481264815064418,0,1
"Amplitude + no entangling gates, 4 qubits",amplitude,none,4,1,60,0.2024282161375522,1,1
"Amplitude + no entangling gates, 4 qubits",amplitude,none,4,1,61,-0.0797757478906898,1,0
"Amplitude + no entangling gates, 4 qubits",amplitude,none,4,1,62,0.0856691402942362,1,1
"Amplitude + no entangling gates, 4 qubits",amplitude,none,4,1,63,-0.1300105188074413,0,0
"Amplitude + no entangling gates, 4 qubits",amplitude,none,4,1,64,-0.2420662185332558,0,0
"Amplitude + no entangling gates, 4 qubits",amplitude,none,4,1,65,-0.1699917177036983,1,0
"Amplitude + no entangling gates, 4 qubits",amplitude,none,4,1,66,-0.1300722816590193,1,0
"Amplitude + no entangling gates, 4 qubits",amplitude,none,4,1,67,-0.1828994545229538,1,0
"Amplitude + no entangling gates, 4 qubits",amplitude,none,4,1,68,-0.1389756254728748,1,0
"Amplitude + no entangling gates, 4 qubits",amplitude,none,4,1,69,0.1480354003717222,0,1
"Amplitude + no entangling gates, 4 qubits",amplitude,none,4,1,70,-0.2019301685369099,0,0
"Amplitude + no entangling gates, 4 qubits",amplitude,none,4,1,71,0.1289902829795237,1,1
"Amplitude + no entangling gates, 4 qubits",amplitude,none,4,1,72,-0.040117731768067,1,0
"Amplitude + no entangling gates, 4 qubits",amplitude,none,4,1,73,0.0962977370108522,1,1
"Amplitude + no entangling gates, 4 qubits",amplitude,none,4,1,74,-0.0009060455313421,0,0
"Amplitude + no entangling gates, 4 qubits",amplitude,none,4,1,75,-0.1919010158397849,1,0
"Amplitude + no entangling gates, 4 qubits",amplitude,none,4,1,76,0.2917918771242704,0,1
"Amplitude + no entangling gates, 4 qubits",amplitude,none,4,1,77,0.04918822005191,0,1
"Amplitude + no entangling gates, 4 qubits",amplitude,none,4,1,78,0.1497303841504002,1,1
"Amplitude + no entangling gates, 4 qubits",amplitude,none,4,1,79,0.0598570437488917,0,1
"Amplitude + no entangling gates, 4 qubits",amplitude,none,4,1,80,-0.1399798921433372,1,0
"Amplitude + no entangling gates, 4 qubits",amplitude,none,4,1,81,0.0647842687268884,1,1
"Amplitude + no entangling gates, 4 qubits",amplitude,none,4,1,82,0.1959016378660201,1,1
"Amplitude + no entangling gates, 4 qubits",amplitude,none,4,1,83,0.278699685318741,1,1
"Amplitude + no entangling gates, 4 qubits",amplitude,none,4,1,84,0.2551689600733956,0,1
"Amplitude + no entangling gates, 4 qubits",amplitude,none,4,1,85,-0.2604297165181121,0,0
"Amplitude + no entangling gates, 4 qubits",amplitude,none,4,1,86,-0.1336768154875995,1,0
"Amplitude + no entangling gates, 4 qubits",amplitude,none,4,1,87,0.2328926429118319,1,1
"Amplitude + no entangling gates, 4 qubits",amplitude,none,4,1,88,0.1749035112801924,1,1
"Amplitude + no entangling gates, 4 qubits",amplitude,none,4,1,89,-0.0613325188115289,0,0
"Amplitude + no entangling gates, 4 qubits",amplitude,none,4,1,90,0.0263592402355574,0,1
"Amplitude + no entangling gates, 4 qubits",amplitude,none,4,1,91,-0.1935151428240155,0,0
"Amplitude + no entangling gates, 4 qubits",amplitude,none,4,1,92,-0.1553710211204557,1,0
"Amplitude + no entangling gates, 4 qubits",amplitude,none,4,1,93,-0.0493113245794005,0,0
"Amplitude + no entangling gates, 4 qubits",amplitude,none,4,1,94,0.0663437445457232,0,1
"Amplitude + no entangling gates, 4 qubits",amplitude,none,4,1,95,-0.2307641936423025,0,0
"Amplitude + no entangling gates, 4 qubits",amplitude,none,4,1,96,-0.2785166516529213,0,0
"Amplitude + no entangling gates, 4 qubits",amplitude,none,4,1,97,0.0972849929304315,0,1
"Amplitude + no entangling gates, 4 qubits",amplitude,none,4,1,98,0.0434585266565356,0,1
"Amplitude + no entangling gates, 4 qubits",amplitude,none,4,1,99,-0.0987564359441824,1,0
"Amplitude + no entangling gates, 4 qubits",amplitude,none,4,2,0,0.1343120900239736,1,1
"Amplitude + no entangling gates, 4 qubits",amplitude,none,4,2,1,0.0919678501032377,0,1
"Amplitude + no entangling gates, 4 qubits",amplitude,none,4,2,2,-0.0710215748651573,0,0
"Amplitude + no entangling gates, 4 qubits",amplitude,none,4,2,3,-0.1168988729310395,0,0
"Amplitude + no entangling gates, 4 qubits",amplitude,none,4,2,4,-0.0683983029488526,1,0
"Amplitude + no entangling gates, 4 qubits",amplitude,none,4,2,5,0.0627283929123367,1,1
"Amplitude + no entangling gates, 4 qubits",amplitude,none,4,2,6,-0.1313741473586341,0,0
"Amplitude + no entangling gates, 4 qubits",amplitude,none,4,2,7,0.038215219384791,1,1
"Amplitude + no entangling gates, 4 qubits",amplitude,none,4,2,8,0.0328394655770761,0,1
"Amplitude + no entangling gates, 4 qubits",amplitude,none,4,2,9,-0.1996024686689603,0,0
"Amplitude + no entangling gates, 4 qubits",amplitude,none,4,2,10,0.0323878350716223,0,1
"Amplitude + no entangling gates, 4 qubits",amplitude,none,4,2,11,0.3671472884791625,1,1
"Amplitude + no entangling gates, 4 qubits",amplitude,none,4,2,12,-0.2551953804643884,0,0
"Amplitude + no entangling gates, 4 qubits",amplitude,none,4,2,13,0.0795975353916539,0,1
"Amplitude + no entangling gates, 4 qubits",amplitude,none,4,2,14,0.0781836037096261,1,1
"Amplitude + no entangling gates, 4 qubits",amplitude,none,4,2,15,-0.142059524162241,1,0
"Amplitude + no entangling gates, 4 qubits",amplitude,none,4,2,16,-0.0607969352159105,0,0
"Amplitude + no entangling gates, 4 qubits",amplitude,none,4,2,17,-0.3663141109036364,1,0
"Amplitude + no entangling gates, 4 qubits",amplitude,none,4,2,18,0.0318347740873494,0,1
"Amplitude + no entangling gates, 4 qubits",amplitude,none,4,2,19,0.1500666013902682,0,1
"Amplitude + no entangling gates, 4 qubits",amplitude,none,4,2,20,-0.0793789901630888,1,0
"Amplitude + no entangling gates, 4 qubits",amplitude,none,4,2,21,0.0623923471238059,1,1
"Amplitude + no entangling gates, 4 qubits",amplitude,none,4,2,22,-0.2845012244565597,0,0
"Amplitude + no entangling gates, 4 qubits",amplitude,none,4,2,23,-0.274183792414019,1,0
"Amplitude + no entangling gates, 4 qubits",amplitude,none,4,2,24,0.1876533544264291,1,1
"Amplitude + no entangling gates, 4 qubits",amplitude,none,4,2,25,-0.0904055347958478,0,0
"Amplitude + no entangling gates, 4 qubits",amplitude,none,4,2,26,-0.2225108096346502,1,0
"Amplitude + no entangling gates, 4 qubits",amplitude,none,4,2,27,0.1473302060026216,0,1
"Amplitude + no entangling gates, 4 qubits",amplitude,none,4,2,28,0.0580324832965921,0,1
"Amplitude + no entangling gates, 4 qubits",amplitude,none,4,2,29,-0.170348250337182,1,0
"Amplitude + no entangling gates, 4 qubits",amplitude,none,4,2,30,0.1102301104464382,0,1
"Amplitude + no entangling gates, 4 qubits",amplitude,none,4,2,31,-0.2299879172721363,0,0
"Amplitude + no entangling gates, 4 qubits",amplitude,none,4,2,32,0.0613928702251502,1,1
"Amplitude + no entangling gates, 4 qubits",amplitude,none,4,2,33,0.0122892544220182,1,1
"Amplitude + no entangling gates, 4 qubits",amplitude,none,4,2,34,0.098778643999931,0,1
"Amplitude + no entangling gates, 4 qubits",amplitude,none,4,2,35,0.0875885471782008,0,1
"Amplitude + no entangling gates, 4 qubits",amplitude,none,4,2,36,-0.1187974553626501,1,0
"Amplitude + no entangling gates, 4 qubits",amplitude,none,4,2,37,0.2640189683512368,1,1
"Amplitude + no entangling gates, 4 qubits",amplitude,none,4,2,38,0.0796670321479662,1,1
"Amplitude + no entangling gates, 4 qubits",amplitude,none,4,2,39,-0.1576605218811377,0,0
"Amplitude + no entangling gates, 4 qubits",amplitude,none,4,2,40,-0.1301486656273662,0,0
"Amplitude + no entangling gates, 4 qubits",amplitude,none,4,2,41,0.0911038071776659,1,1
"Amplitude + no entangling gates, 4 qubits",amplitude,none,4,2,42,0.0084147381722443,0,1
"Amplitude + no entangling gates, 4 qubits",amplitude,none,4,2,43,-0.1897606507295403,1,0
"Amplitude + no entangling gates, 4 qubits",amplitude,none,4,2,44,-0.1767522321101659,1,0
"Amplitude + no entangling gates, 4 qubits",amplitude,none,4,2,45,0.0485815755155485,1,1
"Amplitude + no entangling gates, 4 qubits",amplitude,none,4,2,46,-0.0687733082153798,1,0
"Amplitude + no entangling gates, 4 qubits",amplitude,none,4,2,47,-0.1488962719775111,0,0
"Amplitude + no entangling gates, 4 qubits",amplitude,none,4,2,48,-0.2000733114242673,0,0
"Amplitude + no entangling gates, 4 qubits",amplitude,none,4,2,49,0.2616047273746682,0,1
"Amplitude + no entangling gates, 4 qubits",amplitude,none,4,2,50,-0.1179714724068283,0,0
"Amplitude + no entangling gates, 4 qubits",amplitude,none,4,2,51,0.0403290315520202,0,1
"Amplitude + no entangling gates, 4 qubits",amplitude,none,4,2,52,0.2303748720115206,1,1
"Amplitude + no entangling gates, 4 qubits",amplitude,none,4,2,53,-0.1240848319645879,1,0
"Amplitude + no entangling gates, 4 qubits",amplitude,none,4,2,54,-0.0663277335265678,1,0
"Amplitude + no entangling gates, 4 qubits",amplitude,none,4,2,55,-0.1607066741221341,1,0
"Amplitude + no entangling gates, 4 qubits",amplitude,none,4,2,56,-0.0948081591820113,0,0
"Amplitude + no entangling gates, 4 qubits",amplitude,none,4,2,57,-0.407386720309444,0,0
"Amplitude + no entangling gates, 4 qubits",amplitude,none,4,2,58,-0.1681443623538713,1,0
"Amplitude + no entangling gates, 4 qubits",amplitude,none,4,2,59,-0.1308932754943648,0,0
"Amplitude + no entangling gates, 4 qubits",amplitude,none,4,2,60,0.144520635870467,1,1
"Amplitude + no entangling gates, 4 qubits",amplitude,none,4,2,61,0.0359868540925752,0,1
"Amplitude + no entangling gates, 4 qubits",amplitude,none,4,2,62,-0.2915109159997401,1,0
"Amplitude + no entangling gates, 4 qubits",amplitude,none,4,2,63,0.2713425642018022,1,1
"Amplitude + no entangling gates, 4 qubits",amplitude,none,4,2,64,0.14267436618185,1,1
"Amplitude + no entangling gates, 4 qubits",amplitude,none,4,2,65,0.0658984915045042,0,1
"Amplitude + no entangling gates, 4 qubits",amplitude,none,4,2,66,-0.0011541394107476,1,0
"Amplitude + no entangling gates, 4 qubits",amplitude,none,4,2,67,-0.1007587332172179,0,0
"Amplitude + no entangling gates, 4 qubits",amplitude,none,4,2,68,0.0407217427517048,1,1
"Amplitude + no entangling gates, 4 qubits",amplitude,none,4,2,69,-0.1790266752912787,0,0
"Amplitude + no entangling gates, 4 qubits",amplitude,none,4,2,70,0.0122570896423422,0,1
"Amplitude + no entangling gates, 4 qubits",amplitude,none,4,2,71,-0.0438563584157618,0,0
"Amplitude + no entangling gates, 4 qubits",amplitude,none,4,2,72,-0.0520846544710026,0,0
"Amplitude + no entangling gates, 4 qubits",amplitude,none,4,2,73,0.1493946352032064,0,1
"Amplitude + no entangling gates, 4 qubits",amplitude,none,4,2,74,-0.1339876186384305,1,0
"Amplitude + no entangling gates, 4 qubits",amplitude,none,4,2,75,0.0430272958555632,0,1
"Amplitude + no entangling gates, 4 qubits",amplitude,none,4,2,76,-0.1547946187984656,1,0
"Amplitude + no entangling gates, 4 qubits",amplitude,none,4,2,77,0.0068882006843075,0,1
"Amplitude + no entangling gates, 4 qubits",amplitude,none,4,2,78,-0.0872727104175457,1,0
"Amplitude + no entangling gates, 4 qubits",amplitude,none,4,2,79,-0.0210214383465954,0,0
"Amplitude + no entangling gates, 4 qubits",amplitude,none,4,2,80,-0.2161728750337259,1,0
"Amplitude + no entangling gates, 4 qubits",amplitude,none,4,2,81,0.0500263945051095,0,1
"Amplitude + no entangling gates, 4 qubits",amplitude,none,4,2,82,-0.0957489253898001,1,0
"Amplitude + no entangling gates, 4 qubits",amplitude,none,4,2,83,0.1223624792599811,1,1
"Amplitude + no entangling gates, 4 qubits",amplitude,none,4,2,84,0.0932247605760884,1,1
"Amplitude + no entangling gates, 4 qubits",amplitude,none,4,2,85,-0.136893989374001,1,0
"Amplitude + no entangling gates, 4 qubits",amplitude,none,4,2,86,-0.2165357081981457,0,0
"Amplitude + no entangling gates, 4 qubits",amplitude,none,4,2,87,0.1315094213660966,1,1
"Amplitude + no entangling gates, 4 qubits",amplitude,none,4,2,88,0.0277742028602587,0,1
"Amplitude + no entangling gates, 4 qubits",amplitude,none,4,2,89,0.0740933651028303,0,1
"Amplitude + no entangling gates, 4 qubits",amplitude,none,4,2,90,-0.2210938549120704,1,0
"Amplitude + no entangling gates, 4 qubits",amplitude,none,4,2,91,-0.1051893861707491,1,0
"Amplitude + no entangling gates, 4 qubits",amplitude,none,4,2,92,0.2637356521809859,1,1
"Amplitude + no entangling gates, 4 qubits",amplitude,none,4,2,93,0.2126221487434652,1,1
"Amplitude + no entangling gates, 4 qubits",amplitude,none,4,2,94,-0.1058429815706329,1,0
"Amplitude + no entangling gates, 4 qubits",amplitude,none,4,2,95,-0.027758269749207,1,0
"Amplitude + no entangling gates, 4 qubits",amplitude,none,4,2,96,-0.1556570575035071,0,0
"Amplitude + no entangling gates, 4 qubits",amplitude,none,4,2,97,-0.0404177754337877,1,0
"Amplitude + no entangling gates, 4 qubits",amplitude,none,4,2,98,-0.0813818063465158,0,0
"Amplitude + no entangling gates, 4 qubits",amplitude,none,4,2,99,0.1349349630740752,0,1
"Amplitude + no entangling gates, 4 qubits",amplitude,none,4,3,0,-0.0233287065023341,1,0
"Amplitude + no entangling gates, 4 qubits",amplitude,none,4,3,1,-0.1502901502102839,1,0
"Amplitude + no entangling gates, 4 qubits",amplitude,none,4,3,2,0.060799112015355,1,1
"Amplitude + no entangling gates, 4 qubits",amplitude,none,4,3,3,-0.054477908290818,0,0
"Amplitude + no entangling gates, 4 qubits",amplitude,none,4,3,4,-0.2473261850628915,0,0
"Amplitude + no entangling gates, 4 qubits",amplitude,none,4,3,5,0.1543087498227431,1,1
"Amplitude + no entangling gates, 4 qubits",amplitude,none,4,3,6,-0.0373131910218592,0,0
"Amplitude + no entangling gates, 4 qubits",amplitude,none,4,3,7,0.1815844370196912,1,1
"Amplitude + no entangling gates, 4 qubits",amplitude,none,4,3,8,0.2443460777751499,1,1
"Amplitude + no entangling gates, 4 qubits",amplitude,none,4,3,9,-0.0237666184799139,1,0
"Amplitude + no entangling gates, 4 qubits",amplitude,none,4,3,10,-0.021695762153782,1,0
"Amplitude + no entangling gates, 4 qubits",amplitude,none,4,3,11,-0.1172311604861515,1,0
"Amplitude + no entangling gates, 4 qubits",amplitude,none,4,3,12,0.0330993366402507,0,1
"Amplitude + no entangling gates, 4 qubits",amplitude,none,4,3,13,-0.1426686053323527,0,0
"Amplitude + no entangling gates, 4 qubits",amplitude,none,4,3,14,-0.1226572357345052,0,0
"Amplitude + no entangling gates, 4 qubits",amplitude,none,4,3,15,0.2301050679701847,1,1
"Amplitude + no entangling gates, 4 qubits",amplitude,none,4,3,16,0.2808202227699441,1,1
"Amplitude + no entangling gates, 4 qubits",amplitude,none,4,3,17,0.0717678461315594,1,1
"Amplitude + no entangling gates, 4 qubits",amplitude,none,4,3,18,-0.0631108758501516,0,0
"Amplitude + no entangling gates, 4 qubits",amplitude,none,4,3,19,-0.0818436655158694,1,0
"Amplitude + no entangling gates, 4 qubits",amplitude,none,4,3,20,-0.2017121896780149,0,0
"Amplitude + no entangling gates, 4 qubits",amplitude,none,4,3,21,-0.0072489179235124,0,0
"Amplitude + no entangling gates, 4 qubits",amplitude,none,4,3,22,-0.1172843215364098,1,0
"Amplitude + no entangling gates, 4 qubits",amplitude,none,4,3,23,-0.0294876474626745,0,0
"Amplitude + no entangling gates, 4 qubits",amplitude,none,4,3,24,-0.1924562304364452,0,0
"Amplitude + no entangling gates, 4 qubits",amplitude,none,4,3,25,-0.2214782833823176,0,0
"Amplitude + no entangling gates, 4 qubits",amplitude,none,4,3,26,0.2105471364483025,0,1
"Amplitude + no entangling gates, 4 qubits",amplitude,none,4,3,27,0.1463198627573316,1,1
"Amplitude + no entangling gates, 4 qubits",amplitude,none,4,3,28,-0.3880814939086553,0,0
"Amplitude + no entangling gates, 4 qubits",amplitude,none,4,3,29,0.45859227332882,0,1
"Amplitude + no entangling gates, 4 qubits",amplitude,none,4,3,30,-0.1818799377450074,0,0
"Amplitude + no entangling gates, 4 qubits",amplitude,none,4,3,31,-0.2496987867591007,1,0
"Amplitude + no entangling gates, 4 qubits",amplitude,none,4,3,32,-0.0989722000534041,1,0
"Amplitude + no entangling gates, 4 qubits",amplitude,none,4,3,33,0.1787246028612059,1,1
"Amplitude + no entangling gates, 4 qubits",amplitude,none,4,3,34,0.055069323631645,0,1
"Amplitude + no entangling gates, 4 qubits",amplitude,none,4,3,35,0.1881931815242192,0,1
"Amplitude + no entangling gates, 4 qubits",amplitude,none,4,3,36,-0.2868221436536797,0,0
"Amplitude + no entangling gates, 4 qubits",amplitude,none,4,3,37,0.0830642710965317,1,1
"Amplitude + no entangling gates, 4 qubits",amplitude,none,4,3,38,0.2711599571363264,1,1
"Amplitude + no entangling gates, 4 qubits",amplitude,none,4,3,39,-0.2013364893443905,1,0
"Amplitude + no entangling gates, 4 qubits",amplitude,none,4,3,40,-0.2310050307501801,0,0
"Amplitude + no entangling gates, 4 qubits",amplitude,none,4,3,41,-0.1481909257055869,1,0
"Amplitude + no entangling gates, 4 qubits",amplitude,none,4,3,42,-0.1327212956378506,0,0
"Amplitude + no entangling gates, 4 qubits",amplitude,none,4,3,43,0.2235911095547507,1,1
"Amplitude + no entangling gates, 4 qubits",amplitude,none,4,3,44,-0.0791251072559454,1,0
"Amplitude + no entangling gates, 4 qubits",amplitude,none,4,3,45,-0.0777948452916557,0,0
"Amplitude + no entangling gates, 4 qubits",amplitude,none,4,3,46,0.1127171426579688,0,1
"Amplitude + no entangling gates, 4 qubits",amplitude,none,4,3,47,-0.1156159253031077,1,0
"Amplitude + no entangling gates, 4 qubits",amplitude,none,4,3,48,-0.1056621829053895,1,0
"Amplitude + no entangling gates, 4 qubits",amplitude,none,4,3,49,0.0265445996039077,0,1
"Amplitude + no entangling gates, 4 qubits",amplitude,none,4,3,50,0.2276900555771895,1,1
"Amplitude + no entangling gates, 4 qubits",amplitude,none,4,3,51,-0.1457908928833392,1,0
"Amplitude + no entangling gates, 4 qubits",amplitude,none,4,3,52,-0.0470902008883019,1,0
"Amplitude + no entangling gates, 4 qubits",amplitude,none,4,3,53,0.3245370094335049,1,1
"Amplitude + no entangling gates, 4 qubits",amplitude,none,4,3,54,0.0766238204201145,0,1
"Amplitude + no entangling gates, 4 qubits",amplitude,none,4,3,55,-0.081532047086227,0,0
"Amplitude + no entangling gates, 4 qubits",amplitude,none,4,3,56,-0.2928177162027652,0,0
"Amplitude + no entangling gates, 4 qubits",amplitude,none,4,3,57,0.0838176942340079,1,1
"Amplitude + no entangling gates, 4 qubits",amplitude,none,4,3,58,0.3169175968341409,0,1
"Amplitude + no entangling gates, 4 qubits",amplitude,none,4,3,59,-0.07538935980598,1,0
"Amplitude + no entangling gates, 4 qubits",amplitude,none,4,3,60,0.0792264807924225,1,1
"Amplitude + no entangling gates, 4 qubits",amplitude,none,4,3,61,0.0552788354736151,0,1
"Amplitude + no entangling gates, 4 qubits",amplitude,none,4,3,62,-0.0938748696229881,0,0
"Amplitude + no entangling gates, 4 qubits",amplitude,none,4,3,63,0.2085749820927214,1,1
"Amplitude + no entangling gates, 4 qubits",amplitude,none,4,3,64,0.3072589653747925,1,1
"Amplitude + no entangling gates, 4 qubits",amplitude,none,4,3,65,0.0684181662790308,0,1
"Amplitude + no entangling gates, 4 qubits",amplitude,none,4,3,66,0.1429437162093736,1,1
"Amplitude + no entangling gates, 4 qubits",amplitude,none,4,3,67,0.0252889945524932,0,1
"Amplitude + no entangling gates, 4 qubits",amplitude,none,4,3,68,-0.0630644825951774,0,0
"Amplitude + no entangling gates, 4 qubits",amplitude,none,4,3,69,-0.0582117898898845,1,0
"Amplitude + no entangling gates, 4 qubits",amplitude,none,4,3,70,-0.0126349424815341,0,0
"Amplitude + no entangling gates, 4 qubits",amplitude,none,4,3,71,0.0983601158904709,0,1
"Amplitude + no entangling gates, 4 qubits",amplitude,none,4,3,72,-0.0177341428127003,1,0
"Amplitude + no entangling gates, 4 qubits",amplitude,none,4,3,73,0.0530388582898063,0,1
"Amplitude + no entangling gates, 4 qubits",amplitude,none,4,3,74,-0.2617977520803251,0,0
"Amplitude + no entangling gates, 4 qubits",amplitude,none,4,3,75,-0.0949818997867891,1,0
"Amplitude + no entangling gates, 4 qubits",amplitude,none,4,3,76,0.0420102748293048,0,1
"Amplitude + no entangling gates, 4 qubits",amplitude,none,4,3,77,-0.4332113942171657,0,0
"Amplitude + no entangling gates, 4 qubits",amplitude,none,4,3,78,0.3231052010578264,0,1
"Amplitude + no entangling gates, 4 qubits",amplitude,none,4,3,79,0.0513607907196148,0,1
"Amplitude + no entangling gates, 4 qubits",amplitude,none,4,3,80,-0.1315352096857812,1,0
"Amplitude + no entangling gates, 4 qubits",amplitude,none,4,3,81,-0.0714454433426464,0,0
"Amplitude + no entangling gates, 4 qubits",amplitude,none,4,3,82,0.1124436637164615,1,1
"Amplitude + no entangling gates, 4 qubits",amplitude,none,4,3,83,-0.2437977970668621,0,0
"Amplitude + no entangling gates, 4 qubits",amplitude,none,4,3,84,-0.1890708997962379,1,0
"Amplitude + no entangling gates, 4 qubits",amplitude,none,4,3,85,-0.1552380194066614,1,0
"Amplitude + no entangling gates, 4 qubits",amplitude,none,4,3,86,0.1118009430209392,0,1
"Amplitude + no entangling gates, 4 qubits",amplitude,none,4,3,87,-0.0814014163691807,0,0
"Amplitude + no entangling gates, 4 qubits",amplitude,none,4,3,88,-0.0166582195001548,1,0
"Amplitude + no entangling gates, 4 qubits",amplitude,none,4,3,89,0.1871546857712375,1,1
"Amplitude + no entangling gates, 4 qubits",amplitude,none,4,3,90,-0.0116660846211205,0,0
"Amplitude + no entangling gates, 4 qubits",amplitude,none,4,3,91,0.1203609064166853,1,1
"Amplitude + no entangling gates, 4 qubits",amplitude,none,4,3,92,0.3271930935441105,0,1
"Amplitude + no entangling gates, 4 qubits",amplitude,none,4,3,93,-0.2024881833494807,1,0
"Amplitude + no entangling gates, 4 qubits",amplitude,none,4,3,94,0.194705522167309,1,1
"Amplitude + no entangling gates, 4 qubits",amplitude,none,4,3,95,0.287074382191573,1,1
"Amplitude + no entangling gates, 4 qubits",amplitude,none,4,3,96,-0.075602862043116,1,0
"Amplitude + no entangling gates, 4 qubits",amplitude,none,4,3,97,0.0189237719715983,0,1
"Amplitude + no entangling gates, 4 qubits",amplitude,none,4,3,98,0.200948673227674,0,1
"Amplitude + no entangling gates, 4 qubits",amplitude,none,4,3,99,-0.1939706086039677,1,0
"Amplitude + no entangling gates, 4 qubits",amplitude,none,4,4,0,-0.0736537953823367,1,0
"Amplitude + no entangling gates, 4 qubits",amplitude,none,4,4,1,0.0625447284444291,1,1
"Amplitude + no entangling gates, 4 qubits",amplitude,none,4,4,2,0.1002495972811343,1,1
"Amplitude + no entangling gates, 4 qubits",amplitude,none,4,4,3,-0.2251519840214506,1,0
"Amplitude + no entangling gates, 4 qubits",amplitude,none,4,4,4,0.0123817901017129,1,1
"Amplitude + no entangling gates, 4 qubits",amplitude,none,4,4,5,-0.0447961382064571,0,0
"Amplitude + no entangling gates, 4 qubits",amplitude,none,4,4,6,0.0049314247929399,0,1
"Amplitude + no entangling gates, 4 qubits",amplitude,none,4,4,7,0.3241337631344043,0,1
"Amplitude + no entangling gates, 4 qubits",amplitude,none,4,4,8,-0.1046111019827643,0,0
"Amplitude + no entangling gates, 4 qubits",amplitude,none,4,4,9,-0.1030936573726002,1,0
"Amplitude + no entangling gates, 4 qubits",amplitude,none,4,4,10,0.1971117940984769,1,1
"Amplitude + no entangling gates, 4 qubits",amplitude,none,4,4,11,0.1645204312615843,1,1
"Amplitude + no entangling gates, 4 qubits",amplitude,none,4,4,12,0.0753735745762723,0,1
"Amplitude + no entangling gates, 4 qubits",amplitude,none,4,4,13,-0.1686754892509883,0,0
"Amplitude + no entangling gates, 4 qubits",amplitude,none,4,4,14,-0.052282270193409,1,0
"Amplitude + no entangling gates, 4 qubits",amplitude,none,4,4,15,0.0541417998772441,0,1
"Amplitude + no entangling gates, 4 qubits",amplitude,none,4,4,16,-0.0198354959070971,0,0
"Amplitude + no entangling gates, 4 qubits",amplitude,none,4,4,17,-0.0887399998048237,0,0
"Amplitude + no entangling gates, 4 qubits",amplitude,none,4,4,18,-0.0929702417840566,1,0
"Amplitude + no entangling gates, 4 qubits",amplitude,none,4,4,19,-0.1055401920198756,1,0
"Amplitude + no entangling gates, 4 qubits",amplitude,none,4,4,20,0.1882809574835245,0,1
"Amplitude + no entangling gates, 4 qubits",amplitude,none,4,4,21,-0.1458388474374182,1,0
"Amplitude + no entangling gates, 4 qubits",amplitude,none,4,4,22,-0.109664993371894,1,0
"Amplitude + no entangling gates, 4 qubits",amplitude,none,4,4,23,-0.0925461285423064,0,0
"Amplitude + no entangling gates, 4 qubits",amplitude,none,4,4,24,0.2433151297061143,1,1
"Amplitude + no entangling gates, 4 qubits",amplitude,none,4,4,25,0.034710267722452,0,1
"Amplitude + no entangling gates, 4 qubits",amplitude,none,4,4,26,-0.168397202241408,1,0
"Amplitude + no entangling gates, 4 qubits",amplitude,none,4,4,27,0.0209962643589226,0,1
"Amplitude + no entangling gates, 4 qubits",amplitude,none,4,4,28,0.1136735567010619,0,1
"Amplitude + no entangling gates, 4 qubits",amplitude,none,4,4,29,0.295416790034793,1,1
"Amplitude + no entangling gates, 4 qubits",amplitude,none,4,4,30,-0.1240173395196025,0,0
"Amplitude + no entangling gates, 4 qubits",amplitude,none,4,4,31,-0.0248236526058396,0,0
"Amplitude + no entangling gates, 4 qubits",amplitude,none,4,4,32,0.094242462846751,0,1
"Amplitude + no entangling gates, 4 qubits",amplitude,none,4,4,33,0.2078124546577183,1,1
"Amplitude + no entangling gates, 4 qubits",amplitude,none,4,4,34,-0.0703987887968409,1,0
"Amplitude + no entangling gates, 4 qubits",amplitude,none,4,4,35,0.0805997135500805,1,1
"Amplitude + no entangling gates, 4 qubits",amplitude,none,4,4,36,0.0486961371948138,0,1
"Amplitude + no entangling gates, 4 qubits",amplitude,none,4,4,37,-0.0304323466606712,0,0
"Amplitude + no entangling gates, 4 qubits",amplitude,none,4,4,38,-0.0826486444065752,0,0
"Amplitude + no entangling gates, 4 qubits",amplitude,none,4,4,39,-0.2669343248637068,1,0
"Amplitude + no entangling gates, 4 qubits",amplitude,none,4,4,40,-0.1612640443423991,1,0
"Amplitude + no entangling gates, 4 qubits",amplitude,none,4,4,41,0.0417151893879327,0,1
"Amplitude + no entangling gates, 4 qubits",amplitude,none,4,4,42,-0.195703263425863,0,0
"Amplitude + no entangling gates, 4 qubits",amplitude,none,4,4,43,0.055010093942247,0,1
"Amplitude + no entangling gates, 4 qubits",amplitude,none,4,4,44,-0.0433531807323619,0,0
"Amplitude + no entangling gates, 4 qubits",amplitude,none,4,4,45,-0.120127080736725,1,0
"Amplitude + no entangling gates, 4 qubits",amplitude,none,4,4,46,-0.2247787959239285,0,0
"Amplitude + no entangling gates, 4 qubits",amplitude,none,4,4,47,0.0239563155257803,0,1
"Amplitude + no entangling gates, 4 qubits",amplitude,none,4,4,48,0.0744861466144302,1,1
"Amplitude + no entangling gates, 4 qubits",amplitude,none,4,4,49,-0.1711578979215988,1,0
"Amplitude + no entangling gates, 4 qubits",amplitude,none,4,4,50,-0.1333903412154136,1,0
"Amplitude + no entangling gates, 4 qubits",amplitude,none,4,4,51,-0.015564170391118,0,0
"Amplitude + no entangling gates, 4 qubits",amplitude,none,4,4,52,0.1422027881496943,1,1
"Amplitude + no entangling gates, 4 qubits",amplitude,none,4,4,53,0.3043033259004603,1,1
"Amplitude + no entangling gates, 4 qubits",amplitude,none,4,4,54,-0.1636401420567927,1,0
"Amplitude + no entangling gates, 4 qubits",amplitude,none,4,4,55,0.2617216300752567,1,1
"Amplitude + no entangling gates, 4 qubits",amplitude,none,4,4,56,0.0734738540050103,0,1
"Amplitude + no entangling gates, 4 qubits",amplitude,none,4,4,57,-0.0266063224098302,0,0
"Amplitude + no entangling gates, 4 qubits",amplitude,none,4,4,58,-0.2346058581931911,0,0
"Amplitude + no entangling gates, 4 qubits",amplitude,none,4,4,59,-0.2559050013842802,0,0
"Amplitude + no entangling gates, 4 qubits",amplitude,none,4,4,60,0.0261996017611139,0,1
"Amplitude + no entangling gates, 4 qubits",amplitude,none,4,4,61,-0.0388342874234637,1,0
"Amplitude + no entangling gates, 4 qubits",amplitude,none,4,4,62,0.0657484392779047,0,1
"Amplitude + no entangling gates, 4 qubits",amplitude,none,4,4,63,0.1551889866118795,1,1
"Amplitude + no entangling gates, 4 qubits",amplitude,none,4,4,64,-0.1674400779317139,1,0
"Amplitude + no entangling gates, 4 qubits",amplitude,none,4,4,65,-0.0184155078164856,0,0
"Amplitude + no entangling gates, 4 qubits",amplitude,none,4,4,66,-0.1658365841441314,1,0
"Amplitude + no entangling gates, 4 qubits",amplitude,none,4,4,67,0.2226558366285622,0,1
"Amplitude + no entangling gates, 4 qubits",amplitude,none,4,4,68,-0.0817455089855871,1,0
"Amplitude + no entangling gates, 4 qubits",amplitude,none,4,4,69,-0.1538710461024584,0,0
"Amplitude + no entangling gates, 4 qubits",amplitude,none,4,4,70,0.1136393028570957,1,1
"Amplitude + no entangling gates, 4 qubits",amplitude,none,4,4,71,-0.0570049392833074,0,0
"Amplitude + no entangling gates, 4 qubits",amplitude,none,4,4,72,-0.0875842958859441,1,0
"Amplitude + no entangling gates, 4 qubits",amplitude,none,4,4,73,0.2977361088920571,0,1
"Amplitude + no entangling gates, 4 qubits",amplitude,none,4,4,74,-0.1326225079511542,1,0
"Amplitude + no entangling gates, 4 qubits",amplitude,none,4,4,75,0.4566308640844033,0,1
"Amplitude + no entangling gates, 4 qubits",amplitude,none,4,4,76,-0.2073732526812677,0,0
"Amplitude + no entangling gates, 4 qubits",amplitude,none,4,4,77,0.2215667684943084,1,1
"Amplitude + no entangling gates, 4 qubits",amplitude,none,4,4,78,-0.2032333607771416,1,0
"Amplitude + no entangling gates, 4 qubits",amplitude,none,4,4,79,0.0522713664407143,1,1
"Amplitude + no entangling gates, 4 qubits",amplitude,none,4,4,80,0.0921064593860074,1,1
"Amplitude + no entangling gates, 4 qubits",amplitude,none,4,4,81,0.1057898760677563,0,1
"Amplitude + no entangling gates, 4 qubits",amplitude,none,4,4,82,-0.2081396971940256,1,0
"Amplitude + no entangling gates, 4 qubits",amplitude,none,4,4,83,-0.0427652402768793,0,0
"Amplitude + no entangling gates, 4 qubits",amplitude,none,4,4,84,-0.0279586202823222,0,0
"Amplitude + no entangling gates, 4 qubits",amplitude,none,4,4,85,-0.0749177280533023,1,0
"Amplitude + no entangling gates, 4 qubits",amplitude,none,4,4,86,-0.104824666270083,0,0
"Amplitude + no entangling gates, 4 qubits",amplitude,none,4,4,87,-0.0669064307877529,1,0
"Amplitude + no entangling gates, 4 qubits",amplitude,none,4,4,88,-0.2127156447571253,1,0
"Amplitude + no entangling gates, 4 qubits",amplitude,none,4,4,89,0.2380566405007301,1,1
"Amplitude + no entangling gates, 4 qubits",amplitude,none,4,4,90,0.0142361670643197,1,1
"Amplitude + no entangling gates, 4 qubits",amplitude,none,4,4,91,-0.2723704829143316,0,0
"Amplitude + no entangling gates, 4 qubits",amplitude,none,4,4,92,-0.2201106718526406,1,0
"Amplitude + no entangling gates, 4 qubits",amplitude,none,4,4,93,0.1008586657960159,0,1
"Amplitude + no entangling gates, 4 qubits",amplitude,none,4,4,94,-0.1260140589990466,1,0
"Amplitude + no entangling gates, 4 qubits",amplitude,none,4,4,95,-0.307292702321266,0,0
"Amplitude + no entangling gates, 4 qubits",amplitude,none,4,4,96,-0.2139288029503449,1,0
"Amplitude + no entangling gates, 4 qubits",amplitude,none,4,4,97,0.2688868844018759,0,1
"Amplitude + no entangling gates, 4 qubits",amplitude,none,4,4,98,0.1790143851747354,1,1
"Amplitude + no entangling gates, 4 qubits",amplitude,none,4,4,99,0.0585577955474857,0,1
"Angle + ring, 2 qubits",angular,ring,2,0,0,0.4490559825402926,1,1
"Angle + ring, 2 qubits",angular,ring,2,0,1,-0.6461822439809431,0,0
"Angle + ring, 2 qubits",angular,ring,2,0,2,-0.6461822439809431,0,0
"Angle + ring, 2 qubits",angular,ring,2,0,3,-0.7123231629105853,0,0
"Angle + ring, 2 qubits",angular,ring,2,0,4,0.9879903892368772,1,1
"Angle + ring, 2 qubits",angular,ring,2,0,5,-0.9844774770670244,0,0
"Angle + ring, 2 qubits",angular,ring,2,0,6,-0.6479516375892833,0,0
"Angle + ring, 2 qubits",angular,ring,2,0,7,-0.2255888174819495,1,0
"Angle + ring, 2 qubits",angular,ring,2,0,8,0.9065112361705174,1,1
"Angle + ring, 2 qubits",angular,ring,2,0,9,-0.5102999348270748,0,0
"Angle + ring, 2 qubits",angular,ring,2,0,10,0.9060689725353568,1,1
"Angle + ring, 2 qubits",angular,ring,2,0,11,0.8950351488642928,1,1
"Angle + ring, 2 qubits",angular,ring,2,0,12,-0.6140122639289505,0,0
"Angle + ring, 2 qubits",angular,ring,2,0,13,-0.5102999348270749,0,0
"Angle + ring, 2 qubits",angular,ring,2,0,14,-0.9813726393725014,0,0
"Angle + ring, 2 qubits",angular,ring,2,0,15,0.6575513154011102,1,1
"Angle + ring, 2 qubits",angular,ring,2,0,16,0.5671266675695775,1,1
"Angle + ring, 2 qubits",angular,ring,2,0,17,0.7108112883724499,1,1
"Angle + ring, 2 qubits",angular,ring,2,0,18,-0.9854993118268056,0,0
"Angle + ring, 2 qubits",angular,ring,2,0,19,-0.6473692751026228,1,0
"Angle + ring, 2 qubits",angular,ring,2,0,20,-0.510299934827075,0,0
"Angle + ring, 2 qubits",angular,ring,2,0,21,0.4961628605121899,1,1
"Angle + ring, 2 qubits",angular,ring,2,0,22,-0.7738483462526279,0,0
"Angle + ring, 2 qubits",angular,ring,2,0,23,-0.5102999348270745,0,0
"Angle + ring, 2 qubits",angular,ring,2,0,24,0.2188674527355281,0,1
"Angle + ring, 2 qubits",angular,ring,2,0,25,-0.8018590443437204,1,0
"Angle + ring, 2 qubits",angular,ring,2,0,26,0.8437595760791001,1,1
"Angle + ring, 2 qubits",angular,ring,2,0,27,-0.908507462489026,0,0
"Angle + ring, 2 qubits",angular,ring,2,0,28,-0.5102999348270744,0,0
"Angle + ring, 2 qubits",angular,ring,2,0,29,0.4621085748871162,1,1
"Angle + ring, 2 qubits",angular,ring,2,0,30,-0.5779673478859135,0,0
"Angle + ring, 2 qubits",angular,ring,2,0,31,-0.6539018080830622,0,0
"Angle + ring, 2 qubits",angular,ring,2,0,32,-0.4426901314299131,1,0
"Angle + ring, 2 qubits",angular,ring,2,0,33,-0.8047824286537842,0,0
"Angle + ring, 2 qubits",angular,ring,2,0,34,-0.8720957373290825,0,0
"Angle + ring, 2 qubits",angular,ring,2,0,35,0.7404307144147207,1,1
"Angle + ring, 2 qubits",angular,ring,2,0,36,0.9193637587579724,1,1
"Angle + ring, 2 qubits",angular,ring,2,0,37,0.9248842528370058,1,1
"Angle + ring, 2 qubits",angular,ring,2,0,38,-0.9287237438969562,0,0
"Angle + ring, 2 qubits",angular,ring,2,0,39,-0.5102999348270748,0,0
"Angle + ring, 2 qubits",angular,ring,2,0,40,0.9060689725353568,1,1
"Angle + ring, 2 qubits",angular,ring,2,0,41,-0.9853349512749852,0,0
"Angle + ring, 2 qubits",angular,ring,2,0,42,-0.7412724541046289,0,0
"Angle + ring, 2 qubits",angular,ring,2,0,43,0.7847481760761701,1,1
"Angle + ring, 2 qubits",angular,ring,2,0,44,0.9247502783691576,1,1
"Angle + ring, 2 qubits",angular,ring,2,0,45,0.8459913298455478,1,1
"Angle + ring, 2 qubits",angular,ring,2,0,46,-0.0903296403979408,1,0
"Angle + ring, 2 qubits",angular,ring,2,0,47,-0.9818417688504888,0,0
"Angle + ring, 2 qubits",angular,ring,2,0,48,-0.3105653584163297,1,0
"Angle + ring, 2 qubits",angular,ring,2,0,49,-0.743599504045177,0,0
"Angle + ring, 2 qubits",angular,ring,2,0,50,-0.4863752096063443,1,0
"Angle + ring, 2 qubits",angular,ring,2,0,51,-0.952927633216298,0,0
"Angle + ring, 2 qubits",angular,ring,2,0,52,-0.6539018080830622,0,0
"Angle + ring, 2 qubits",angular,ring,2,0,53,0.2965724680451244,1,1
"Angle + ring, 2 qubits",angular,ring,2,0,54,0.4490559825402926,1,1
"Angle + ring, 2 qubits",angular,ring,2,0,55,-0.5102999348270743,0,0
"Angle + ring, 2 qubits",angular,ring,2,0,56,-0.7123231629105846,0,0
"Angle + ring, 2 qubits",angular,ring,2,0,57,-0.8610198133588156,1,0
"Angle + ring, 2 qubits",angular,ring,2,0,58,-0.5102999348270749,0,0
"Angle + ring, 2 qubits",angular,ring,2,0,59,-0.9595708569100512,0,0
"Angle + ring, 2 qubits",angular,ring,2,0,60,0.1649978093508706,1,1
"Angle + ring, 2 qubits",angular,ring,2,0,61,-0.0378629121653377,1,0
"Angle + ring, 2 qubits",angular,ring,2,0,62,-0.3913033335113208,1,0
"Angle + ring, 2 qubits",angular,ring,2,0,63,-0.963362520081582,0,0
"Angle + ring, 2 qubits",angular,ring,2,0,64,0.2591706700215114,0,1
"Angle + ring, 2 qubits",angular,ring,2,0,65,-0.2650163709767991,1,0
"Angle + ring, 2 qubits",angular,ring,2,0,66,-0.577967347885914,0,0
"Angle + ring, 2 qubits",angular,ring,2,0,67,0.7250783744187799,1,1
"Angle + ring, 2 qubits",angular,ring,2,0,68,-0.7123231629105853,0,0
"Angle + ring, 2 qubits",angular,ring,2,0,69,-0.645936366377859,0,0
"Angle + ring, 2 qubits",angular,ring,2,0,70,-0.5855825753591204,0,0
"Angle + ring, 2 qubits",angular,ring,2,0,71,0.997784336121507,1,1
"Angle + ring, 2 qubits",angular,ring,2,0,72,0.3757969830147888,1,1
"Angle + ring, 2 qubits",angular,ring,2,0,73,0.8331977246093929,1,1
"Angle + ring, 2 qubits",angular,ring,2,0,74,0.7973523166842931,1,1
"Angle + ring, 2 qubits",angular,ring,2,0,75,-0.7738483462526276,0,0
"Angle + ring, 2 qubits",angular,ring,2,0,76,-0.9977992199402144,0,0
"Angle + ring, 2 qubits",angular,ring,2,0,77,0.5671266675695775,1,1
"Angle + ring, 2 qubits",angular,ring,2,0,78,0.8422854117204822,1,1
"Angle + ring, 2 qubits",angular,ring,2,0,79,-0.7738483462526276,0,0
"Angle + ring, 2 qubits",angular,ring,2,0,80,0.9060689725353568,1,1
"Angle + ring, 2 qubits",angular,ring,2,0,81,0.9848232889605468,1,1
"Angle + ring, 2 qubits",angular,ring,2,0,82,0.2408505976831922,0,1
"Angle + ring, 2 qubits",angular,ring,2,0,83,-0.645936366377859,0,0
"Angle + ring, 2 qubits",angular,ring,2,0,84,0.1930433139914899,1,1
"Angle + ring, 2 qubits",angular,ring,2,0,85,-0.5876939651780615,1,0
"Angle + ring, 2 qubits",angular,ring,2,0,86,0.9859384542647026,1,1
"Angle + ring, 2 qubits",angular,ring,2,0,87,0.1531454756842899,1,1
"Angle + ring, 2 qubits",angular,ring,2,0,88,-0.6662240342956053,0,0
"Angle + ring, 2 qubits",angular,ring,2,0,89,-0.5102999348270747,1,0
"Angle + ring, 2 qubits",angular,ring,2,0,90,-0.6140122639289505,0,0
"Angle + ring, 2 qubits",angular,ring,2,0,91,0.9163482006744208,1,1
"Angle + ring, 2 qubits",angular,ring,2,0,92,-0.5102999348270743,0,0
"Angle + ring, 2 qubits",angular,ring,2,0,93,-0.5102999348270747,1,0
"Angle + ring, 2 qubits",angular,ring,2,0,94,-0.6461822439809433,0,0
"Angle + ring, 2 qubits",angular,ring,2,0,95,-0.983834237858585,0,0
"Angle + ring, 2 qubits",angular,ring,2,0,96,-0.5102999348270749,0,0
"Angle + ring, 2 qubits",angular,ring,2,0,97,0.9060689725353568,1,1
"Angle + ring, 2 qubits",angular,ring,2,0,98,0.3757969830147888,1,1
"Angle + ring, 2 qubits",angular,ring,2,0,99,-0.3339580859841284,1,0
"Angle + ring, 2 qubits",angular,ring,2,1,0,0.02542136350619,1,1
"Angle + ring, 2 qubits",angular,ring,2,1,1,-0.962491094615044,0,0
"Angle + ring, 2 qubits",angular,ring,2,1,2,-0.7388909649137823,0,0
"Angle + ring, 2 qubits",angular,ring,2,1,3,-0.2912374555966531,0,0
"Angle + ring, 2 qubits",angular,ring,2,1,4,-0.9368710945199252,0,0
"Angle + ring, 2 qubits",angular,ring,2,1,5,0.1845589544777097,1,1
"Angle + ring, 2 qubits",angular,ring,2,1,6,-0.4149565771817035,0,0
"Angle + ring, 2 qubits",angular,ring,2,1,7,0.9318746173916088,1,1
"Angle + ring, 2 qubits",angular,ring,2,1,8,0.4083230587524371,1,1
"Angle + ring, 2 qubits",angular,ring,2,1,9,-0.4016652320140677,0,0
"Angle + ring, 2 qubits",angular,ring,2,1,10,-0.8752373018311305,0,0
"Angle + ring, 2 qubits",angular,ring,2,1,11,0.8472417300611796,1,1
"Angle + ring, 2 qubits",angular,ring,2,1,12,-0.4872501324540003,1,0
"Angle + ring, 2 qubits",angular,ring,2,1,13,-0.2482721719245412,1,0
"Angle + ring, 2 qubits",angular,ring,2,1,14,-0.7388909649137818,0,0
"Angle + ring, 2 qubits",angular,ring,2,1,15,-0.5074728472351252,0,0
"Angle + ring, 2 qubits",angular,ring,2,1,16,0.2765748246962366,1,1
"Angle + ring, 2 qubits",angular,ring,2,1,17,0.8472417300611796,1,1
"Angle + ring, 2 qubits",angular,ring,2,1,18,-0.2912374555966531,0,0
"Angle + ring, 2 qubits",angular,ring,2,1,19,0.9633149473740455,1,1
"Angle + ring, 2 qubits",angular,ring,2,1,20,-0.8663797940180558,0,0
"Angle + ring, 2 qubits",angular,ring,2,1,21,-0.812147651634669,0,0
"Angle + ring, 2 qubits",angular,ring,2,1,22,0.2887299572312764,1,1
"Angle + ring, 2 qubits",angular,ring,2,1,23,-0.291237455596653,0,0
"Angle + ring, 2 qubits",angular,ring,2,1,24,0.9391384452394635,1,1
"Angle + ring, 2 qubits",angular,ring,2,1,25,-0.2912374555966532,0,0
"Angle + ring, 2 qubits",angular,ring,2,1,26,-0.166937593503984,1,0
"Angle + ring, 2 qubits",angular,ring,2,1,27,-0.0685539013788608,1,0
"Angle + ring, 2 qubits",angular,ring,2,1,28,0.1790662419587894,1,1
"Angle + ring, 2 qubits",angular,ring,2,1,29,0.1264154864116075,1,1
"Angle + ring, 2 qubits",angular,ring,2,1,30,-0.9824191294516652,0,0
"Angle + ring, 2 qubits",angular,ring,2,1,31,-0.7632189223927739,1,0
"Angle + ring, 2 qubits",angular,ring,2,1,32,-0.2912374555966527,0,0
"Angle + ring, 2 qubits",angular,ring,2,1,33,-0.5186355270243583,0,0
"Angle + ring, 2 qubits",angular,ring,2,1,34,-0.2912374555966527,0,0
"Angle + ring, 2 qubits",angular,ring,2,1,35,-0.2912374555966527,0,0
"Angle + ring, 2 qubits",angular,ring,2,1,36,-0.291237455596653,0,0
"Angle + ring, 2 qubits",angular,ring,2,1,37,0.677458568782202,1,1
"Angle + ring, 2 qubits",angular,ring,2,1,38,0.8010988025276615,1,1
"Angle + ring, 2 qubits",angular,ring,2,1,39,0.8744091461242085,1,1
"Angle + ring, 2 qubits",angular,ring,2,1,40,-0.7048759268178476,0,0
"Angle + ring, 2 qubits",angular,ring,2,1,41,-0.039084696917135,1,0
"Angle + ring, 2 qubits",angular,ring,2,1,42,-0.8711108325441095,0,0
"Angle + ring, 2 qubits",angular,ring,2,1,43,-0.7388909649137819,0,0
"Angle + ring, 2 qubits",angular,ring,2,1,44,0.8472417300611796,1,1
"Angle + ring, 2 qubits",angular,ring,2,1,45,-0.7673261950910364,0,0
"Angle + ring, 2 qubits",angular,ring,2,1,46,0.3983770852197408,1,1
"Angle + ring, 2 qubits",angular,ring,2,1,47,-0.5337891001216766,0,0
"Angle + ring, 2 qubits",angular,ring,2,1,48,0.8472417300611796,1,1
"Angle + ring, 2 qubits",angular,ring,2,1,49,0.1330514833845197,1,1
"Angle + ring, 2 qubits",angular,ring,2,1,50,-0.6468448441709194,0,0
"Angle + ring, 2 qubits",angular,ring,2,1,51,0.0378589951351638,1,1
"Angle + ring, 2 qubits",angular,ring,2,1,52,0.9481958742084208,1,1
"Angle + ring, 2 qubits",angular,ring,2,1,53,-0.9714129254055456,0,0
"Angle + ring, 2 qubits",angular,ring,2,1,54,-0.291237455596653,1,0
"Angle + ring, 2 qubits",angular,ring,2,1,55,-0.291237455596653,0,0
"Angle + ring, 2 qubits",angular,ring,2,1,56,0.8869549231574642,1,1
"Angle + ring, 2 qubits",angular,ring,2,1,57,-0.533789100121677,0,0
"Angle + ring, 2 qubits",angular,ring,2,1,58,0.1407029642232292,1,1
"Angle + ring, 2 qubits",angular,ring,2,1,59,-0.533789100121677,0,0
"Angle + ring, 2 qubits",angular,ring,2,1,60,0.1250847284290287,1,1
"Angle + ring, 2 qubits",angular,ring,2,1,61,0.9656106145331602,1,1
"Angle + ring, 2 qubits",angular,ring,2,1,62,0.2461471254644184,1,1
"Angle + ring, 2 qubits",angular,ring,2,1,63,-0.910779907771697,0,0
"Angle + ring, 2 qubits",angular,ring,2,1,64,-0.4002308521229265,0,0
"Angle + ring, 2 qubits",angular,ring,2,1,65,0.9284110724194689,1,1
"Angle + ring, 2 qubits",angular,ring,2,1,66,0.8744091461242085,1,1
"Angle + ring, 2 qubits",angular,ring,2,1,67,0.3681681981705473,1,1
"Angle + ring, 2 qubits",angular,ring,2,1,68,0.8472417300611796,1,1
"Angle + ring, 2 qubits",angular,ring,2,1,69,-0.2912374555966527,0,0
"Angle + ring, 2 qubits",angular,ring,2,1,70,-0.4016652320140677,0,0
"Angle + ring, 2 qubits",angular,ring,2,1,71,-0.4994402837365013,1,0
"Angle + ring, 2 qubits",angular,ring,2,1,72,0.1202666696262206,1,1
"Angle + ring, 2 qubits",angular,ring,2,1,73,0.3042632598144236,1,1
"Angle + ring, 2 qubits",angular,ring,2,1,74,-0.8753181503114035,0,0
"Angle + ring, 2 qubits",angular,ring,2,1,75,0.8989869660604949,1,1
"Angle + ring, 2 qubits",angular,ring,2,1,76,-0.94681110909701,0,0
"Angle + ring, 2 qubits",angular,ring,2,1,77,-0.6431683572020379,0,0
"Angle + ring, 2 qubits",angular,ring,2,1,78,0.2549521681405131,1,1
"Angle + ring, 2 qubits",angular,ring,2,1,79,-0.6431683572020377,0,0
"Angle + ring, 2 qubits",angular,ring,2,1,80,0.9147801405756424,1,1
"Angle + ring, 2 qubits",angular,ring,2,1,81,0.0226094885800965,1,1
"Angle + ring, 2 qubits",angular,ring,2,1,82,0.1164804544335032,1,1
"Angle + ring, 2 qubits",angular,ring,2,1,83,-0.5995028002096526,1,0
"Angle + ring, 2 qubits",angular,ring,2,1,84,-0.9333234945783438,0,0
"Angle + ring, 2 qubits",angular,ring,2,1,85,-0.9432362162543456,0,0
"Angle + ring, 2 qubits",angular,ring,2,1,86,0.9684986478300104,1,1
"Angle + ring, 2 qubits",angular,ring,2,1,87,0.0417127663331375,1,1
"Angle + ring, 2 qubits",angular,ring,2,1,88,0.5535300314300562,1,1
"Angle + ring, 2 qubits",angular,ring,2,1,89,-0.7388909649137818,0,0
"Angle + ring, 2 qubits",angular,ring,2,1,90,-0.2912374555966531,0,0
"Angle + ring, 2 qubits",angular,ring,2,1,91,-0.3849910891810058,0,0
"Angle + ring, 2 qubits",angular,ring,2,1,92,0.8472417300611796,1,1
"Angle + ring, 2 qubits",angular,ring,2,1,93,-0.2912374555966527,0,0
"Angle + ring, 2 qubits",angular,ring,2,1,94,-0.2912374555966527,0,0
"Angle + ring, 2 qubits",angular,ring,2,1,95,-0.8132378098177724,0,0
"Angle + ring, 2 qubits",angular,ring,2,1,96,-0.291237455596653,0,0
"Angle + ring, 2 qubits",angular,ring,2,1,97,-0.742003056028117,0,0
"Angle + ring, 2 qubits",angular,ring,2,1,98,-0.7388909649137819,0,0
"Angle + ring, 2 qubits",angular,ring,2,1,99,0.7166402081457258,1,1
"Angle + ring, 2 qubits",angular,ring,2,2,0,-0.3960902861158927,1,0
"Angle + ring, 2 qubits",angular,ring,2,2,1,-0.9721803584181086,0,0
"Angle + ring, 2 qubits",angular,ring,2,2,2,-0.8332258920758309,0,0
"Angle + ring, 2 qubits",angular,ring,2,2,3,-0.5241272639314183,0,0
"Angle + ring, 2 qubits",angular,ring,2,2,4,0.8883695072092579,1,1
"Angle + ring, 2 qubits",angular,ring,2,2,5,-0.6104093917027538,1,0
"Angle + ring, 2 qubits",angular,ring,2,2,6,-0.9087155092219408,0,0
"Angle + ring, 2 qubits",angular,ring,2,2,7,0.4705316133409694,1,1
"Angle + ring, 2 qubits",angular,ring,2,2,8,-0.9189560875565264,0,0
"Angle + ring, 2 qubits",angular,ring,2,2,9,-0.9267702759237568,0,0
"Angle + ring, 2 qubits",angular,ring,2,2,10,-0.7689603776400668,0,0
"Angle + ring, 2 qubits",angular,ring,2,2,11,0.1899839600482196,1,1
"Angle + ring, 2 qubits",angular,ring,2,2,12,-0.9577769682599124,0,0
"Angle + ring, 2 qubits",angular,ring,2,2,13,-0.6264804595468381,0,0
"Angle + ring, 2 qubits",angular,ring,2,2,14,0.5283929010202164,1,1
"Angle + ring, 2 qubits",angular,ring,2,2,15,0.986155797322834,1,1
"Angle + ring, 2 qubits",angular,ring,2,2,16,-0.78344426121491,0,0
"Angle + ring, 2 qubits",angular,ring,2,2,17,0.9253595546872224,1,1
"Angle + ring, 2 qubits",angular,ring,2,2,18,-0.6940532889801443,0,0
"Angle + ring, 2 qubits",angular,ring,2,2,19,-0.6617754703662813,0,0
"Angle + ring, 2 qubits",angular,ring,2,2,20,-0.5241272639314176,1,0
"Angle + ring, 2 qubits",angular,ring,2,2,21,0.2449860084404683,1,1
"Angle + ring, 2 qubits",angular,ring,2,2,22,-0.5241272639314178,0,0
"Angle + ring, 2 qubits",angular,ring,2,2,23,0.6347449330771338,1,1
"Angle + ring, 2 qubits",angular,ring,2,2,24,-0.2471766840362438,1,0
"Angle + ring, 2 qubits",angular,ring,2,2,25,-0.7689603776400669,0,0
"Angle + ring, 2 qubits",angular,ring,2,2,26,0.1624626598840171,1,1
"Angle + ring, 2 qubits",angular,ring,2,2,27,-0.3790982085713703,0,0
"Angle + ring, 2 qubits",angular,ring,2,2,28,-0.9626385951551092,0,0
"Angle + ring, 2 qubits",angular,ring,2,2,29,0.0615574603591121,1,1
"Angle + ring, 2 qubits",angular,ring,2,2,30,-0.9610468454347784,0,0
"Angle + ring, 2 qubits",angular,ring,2,2,31,-0.6940532889801446,0,0
"Angle + ring, 2 qubits",angular,ring,2,2,32,0.0817577563371501,1,1
"Angle + ring, 2 qubits",angular,ring,2,2,33,0.4705316133409694,1,1
"Angle + ring, 2 qubits",angular,ring,2,2,34,-0.9634381347080962,0,0
"Angle + ring, 2 qubits",angular,ring,2,2,35,-0.5241272639314178,0,0
"Angle + ring, 2 qubits",angular,ring,2,2,36,0.1811190516208572,1,1
"Angle + ring, 2 qubits",angular,ring,2,2,37,0.1899839600482198,1,1
"Angle + ring, 2 qubits",angular,ring,2,2,38,0.1177348352990794,1,1
"Angle + ring, 2 qubits",angular,ring,2,2,39,-0.9677710363275536,0,0
"Angle + ring, 2 qubits",angular,ring,2,2,40,-0.6113832635048846,0,0
"Angle + ring, 2 qubits",angular,ring,2,2,41,0.1613407044026251,1,1
"Angle + ring, 2 qubits",angular,ring,2,2,42,-0.9092480448424468,0,0
"Angle + ring, 2 qubits",angular,ring,2,2,43,0.2718487454259673,1,1
"Angle + ring, 2 qubits",angular,ring,2,2,44,0.771474722014334,1,1
"Angle + ring, 2 qubits",angular,ring,2,2,45,-0.5241272639314174,1,0
"Angle + ring, 2 qubits",angular,ring,2,2,46,0.1904841961392669,1,1
"Angle + ring, 2 qubits",angular,ring,2,2,47,-0.9112955834910366,0,0
"Angle + ring, 2 qubits",angular,ring,2,2,48,-0.6264804595468381,0,0
"Angle + ring, 2 qubits",angular,ring,2,2,49,-0.7179147557171534,0,0
"Angle + ring, 2 qubits",angular,ring,2,2,50,-0.5241272639314178,0,0
"Angle + ring, 2 qubits",angular,ring,2,2,51,-0.6940532889801446,0,0
"Angle + ring, 2 qubits",angular,ring,2,2,52,-0.0881915222698571,1,0
"Angle + ring, 2 qubits",angular,ring,2,2,53,0.9618905896401032,1,1
"Angle + ring, 2 qubits",angular,ring,2,2,54,0.8961324769574673,1,1
"Angle + ring, 2 qubits",angular,ring,2,2,55,0.8115132947944526,1,1
"Angle + ring, 2 qubits",angular,ring,2,2,56,-0.7689603776400671,0,0
"Angle + ring, 2 qubits",angular,ring,2,2,57,0.3420120906422651,0,1
"Angle + ring, 2 qubits",angular,ring,2,2,58,0.2634093863971989,1,1
"Angle + ring, 2 qubits",angular,ring,2,2,59,-0.5241272639314178,0,0
"Angle + ring, 2 qubits",angular,ring,2,2,60,0.8361490596232026,1,1
"Angle + ring, 2 qubits",angular,ring,2,2,61,-0.7710005723674885,0,0
"Angle + ring, 2 qubits",angular,ring,2,2,62,0.9253595546872224,1,1
"Angle + ring, 2 qubits",angular,ring,2,2,63,-0.7353478379077534,1,0
"Angle + ring, 2 qubits",angular,ring,2,2,64,0.2449860084404683,1,1
"Angle + ring, 2 qubits",angular,ring,2,2,65,-0.6080350895873703,0,0
"Angle + ring, 2 qubits",angular,ring,2,2,66,0.3053403541824799,1,1
"Angle + ring, 2 qubits",angular,ring,2,2,67,-0.7745046570135926,0,0
"Angle + ring, 2 qubits",angular,ring,2,2,68,-0.2359984703933145,1,0
"Angle + ring, 2 qubits",angular,ring,2,2,69,-0.7931332090661544,0,0
"Angle + ring, 2 qubits",angular,ring,2,2,70,-0.9793716784079606,0,0
"Angle + ring, 2 qubits",angular,ring,2,2,71,-0.689965411128247,0,0
"Angle + ring, 2 qubits",angular,ring,2,2,72,-0.5241272639314178,0,0
"Angle + ring, 2 qubits",angular,ring,2,2,73,-0.5241272639314178,0,0
"Angle + ring, 2 qubits",angular,ring,2,2,74,-0.5241272639314178,1,0
"Angle + ring, 2 qubits",angular,ring,2,2,75,-0.7689603776400669,0,0
"Angle + ring, 2 qubits",angular,ring,2,2,76,0.9253595546872224,1,1
"Angle + ring, 2 qubits",angular,ring,2,2,77,-0.7689603776400671,0,0
"Angle + ring, 2 qubits",angular,ring,2,2,78,0.1899839600482197,1,1
"Angle + ring, 2 qubits",angular,ring,2,2,79,-0.9878217893181522,0,0
"Angle + ring, 2 qubits",angular,ring,2,2,80,0.9253595546872224,1,1
"Angle + ring, 2 qubits",angular,ring,2,2,81,-0.979121685123538,0,0
"Angle + ring, 2 qubits",angular,ring,2,2,82,0.9253595546872224,1,1
"Angle + ring, 2 qubits",angular,ring,2,2,83,-0.65028085480545,1,0
"Angle + ring, 2 qubits",angular,ring,2,2,84,0.293776892665193,1,1
"Angle + ring, 2 qubits",angular,ring,2,2,85,0.8877145573313486,1,1
"Angle + ring, 2 qubits",angular,ring,2,2,86,-0.8520223298645955,0,0
"Angle + ring, 2 qubits",angular,ring,2,2,87,-0.5241272639314178,1,0
"Angle + ring, 2 qubits",angular,ring,2,2,88,-0.6940532889801446,0,0
"Angle + ring, 2 qubits",angular,ring,2,2,89,-0.6113832635048851,0,0
"Angle + ring, 2 qubits",angular,ring,2,2,90,0.783764849786929,1,1
"Angle + ring, 2 qubits",angular,ring,2,2,91,0.740140324063667,1,1
"Angle + ring, 2 qubits",angular,ring,2,2,92,-0.0844014789925199,1,0
"Angle + ring, 2 qubits",angular,ring,2,2,93,-0.3969537344012616,1,0
"Angle + ring, 2 qubits",angular,ring,2,2,94,0.4460183229722225,1,1
"Angle + ring, 2 qubits",angular,ring,2,2,95,-0.5241272639314178,1,0
"Angle + ring, 2 qubits",angular,ring,2,2,96,-0.7710005723674885,0,0
"Angle + ring, 2 qubits",angular,ring,2,2,97,0.3656042988451646,1,1
"Angle + ring, 2 qubits",angular,ring,2,2,98,-0.8332258920758309,0,0
"Angle + ring, 2 qubits",angular,ring,2,2,99,-0.7689603776400669,0,0
"Angle + ring, 2 qubits",angular,ring,2,3,0,0.4308839153376179,1,1
"Angle + ring, 2 qubits",angular,ring,2,3,1,0.8712359406188318,1,1
"Angle + ring, 2 qubits",angular,ring,2,3,2,0.3981028247200088,1,1
"Angle + ring, 2 qubits",angular,ring,2,3,3,-0.455843479999363,0,0
"Angle + ring, 2 qubits",angular,ring,2,3,4,-0.9110237147761616,0,0
"Angle + ring, 2 qubits",angular,ring,2,3,5,-0.4558434799993627,1,0
"Angle + ring, 2 qubits",angular,ring,2,3,6,-0.4558434799993631,0,0
"Angle + ring, 2 qubits",angular,ring,2,3,7,0.0909753587149278,1,1
"Angle + ring, 2 qubits",angular,ring,2,3,8,0.168907043721697,1,1
"Angle + ring, 2 qubits",angular,ring,2,3,9,-0.4558434799993627,1,0
"Angle + ring, 2 qubits",angular,ring,2,3,10,0.9784378063360016,1,1
"Angle + ring, 2 qubits",angular,ring,2,3,11,0.9094205888707366,1,1
"Angle + ring, 2 qubits",angular,ring,2,3,12,-0.9012239212320098,0,0
"Angle + ring, 2 qubits",angular,ring,2,3,13,-0.5867687769007011,0,0
"Angle + ring, 2 qubits",angular,ring,2,3,14,-0.4558434799993631,0,0
"Angle + ring, 2 qubits",angular,ring,2,3,15,-0.4083188319128464,1,0
"Angle + ring, 2 qubits",angular,ring,2,3,16,0.2226566366455357,1,1
"Angle + ring, 2 qubits",angular,ring,2,3,17,-0.4558434799993624,1,0
"Angle + ring, 2 qubits",angular,ring,2,3,18,-0.6539687371721724,0,0
"Angle + ring, 2 qubits",angular,ring,2,3,19,0.2849657781953427,1,1
"Angle + ring, 2 qubits",angular,ring,2,3,20,-0.9822850769970628,0,0
"Angle + ring, 2 qubits",angular,ring,2,3,21,-0.6189671069336584,0,0
"Angle + ring, 2 qubits",angular,ring,2,3,22,0.9862422527373624,1,1
"Angle + ring, 2 qubits",angular,ring,2,3,23,-0.5813079830762624,0,0
"Angle + ring, 2 qubits",angular,ring,2,3,24,-0.7894234525242345,0,0
"Angle + ring, 2 qubits",angular,ring,2,3,25,-0.5813079830762624,0,0
"Angle + ring, 2 qubits",angular,ring,2,3,26,-0.824032810326616,0,0
"Angle + ring, 2 qubits",angular,ring,2,3,27,0.0008492835871123,1,1
"Angle + ring, 2 qubits",angular,ring,2,3,28,0.4078518166803788,0,1
"Angle + ring, 2 qubits",angular,ring,2,3,29,-0.9232748598705296,0,0
"Angle + ring, 2 qubits",angular,ring,2,3,30,-0.9451886805482836,0,0
"Angle + ring, 2 qubits",angular,ring,2,3,31,0.7171219486306704,1,1
"Angle + ring, 2 qubits",angular,ring,2,3,32,0.9784378063360016,1,1
"Angle + ring, 2 qubits",angular,ring,2,3,33,0.0930601932744273,1,1
"Angle + ring, 2 qubits",angular,ring,2,3,34,-0.7442777094692017,0,0
"Angle + ring, 2 qubits",angular,ring,2,3,35,-0.8187516642510483,0,0
"Angle + ring, 2 qubits",angular,ring,2,3,36,-0.9464744042378694,0,0
"Angle + ring, 2 qubits",angular,ring,2,3,37,0.1175506121870963,1,1
"Angle + ring, 2 qubits",angular,ring,2,3,38,-0.4997362504602475,1,0
"Angle + ring, 2 qubits",angular,ring,2,3,39,0.2370984913613618,1,1
"Angle + ring, 2 qubits",angular,ring,2,3,40,-0.9628920267322642,0,0
"Angle + ring, 2 qubits",angular,ring,2,3,41,0.8939790000531453,1,1
"Angle + ring, 2 qubits",angular,ring,2,3,42,-0.9527486810857498,0,0
"Angle + ring, 2 qubits",angular,ring,2,3,43,0.2968321119325575,1,1
"Angle + ring, 2 qubits",angular,ring,2,3,44,0.9390436574826476,1,1
"Angle + ring, 2 qubits",angular,ring,2,3,45,-0.7357534792935824,0,0
"Angle + ring, 2 qubits",angular,ring,2,3,46,-0.8149200714466989,0,0
"Angle + ring, 2 qubits",angular,ring,2,3,47,0.9700070994548832,1,1
"Angle + ring, 2 qubits",angular,ring,2,3,48,0.9516245604284428,1,1
"Angle + ring, 2 qubits",angular,ring,2,3,49,-0.7370194592653428,0,0
"Angle + ring, 2 qubits",angular,ring,2,3,50,-0.4043714652405311,1,0
"Angle + ring, 2 qubits",angular,ring,2,3,51,0.9784378063360016,1,1
"Angle + ring, 2 qubits",angular,ring,2,3,52,-0.4395748427042049,1,0
"Angle + ring, 2 qubits",angular,ring,2,3,53,0.323795238416472,1,1
"Angle + ring, 2 qubits",angular,ring,2,3,54,-0.8240328103266157,0,0
"Angle + ring, 2 qubits",angular,ring,2,3,55,-0.4558434799993631,0,0
"Angle + ring, 2 qubits",angular,ring,2,3,56,-0.589312307049326,0,0
"Angle + ring, 2 qubits",angular,ring,2,3,57,-0.6453086130561116,1,0
"Angle + ring, 2 qubits",angular,ring,2,3,58,-0.9617361184881384,0,0
"Angle + ring, 2 qubits",angular,ring,2,3,59,0.8823560872474594,1,1
"Angle + ring, 2 qubits",angular,ring,2,3,60,0.156668571424918,1,1
"Angle + ring, 2 qubits",angular,ring,2,3,61,-0.8240328103266158,0,0
"Angle + ring, 2 qubits",angular,ring,2,3,62,-0.4558434799993625,0,0
"Angle + ring, 2 qubits",angular,ring,2,3,63,-0.2145182956040743,1,0
"Angle + ring, 2 qubits",angular,ring,2,3,64,0.0344506618839038,1,1
"Angle + ring, 2 qubits",angular,ring,2,3,65,-0.4558434799993628,0,0
"Angle + ring, 2 qubits",angular,ring,2,3,66,-0.0292422768634387,1,0
"Angle + ring, 2 qubits",angular,ring,2,3,67,-0.5565764165950473,0,0
"Angle + ring, 2 qubits",angular,ring,2,3,68,-0.9401449859595912,0,0
"Angle + ring, 2 qubits",angular,ring,2,3,69,0.0605625871842636,1,1
"Angle + ring, 2 qubits",angular,ring,2,3,70,-0.4558434799993626,0,0
"Angle + ring, 2 qubits",angular,ring,2,3,71,-0.5565764165950475,0,0
"Angle + ring, 2 qubits",angular,ring,2,3,72,0.9770135467511392,1,1
"Angle + ring, 2 qubits",angular,ring,2,3,73,-0.9353776285941544,0,0
"Angle + ring, 2 qubits",angular,ring,2,3,74,-0.6539687371721724,0,0
"Angle + ring, 2 qubits",angular,ring,2,3,75,0.25584562073088,1,1
"Angle + ring, 2 qubits",angular,ring,2,3,76,-0.4558434799993628,0,0
"Angle + ring, 2 qubits",angular,ring,2,3,77,-0.9628271730806648,0,0
"Angle + ring, 2 qubits",angular,ring,2,3,78,-0.285985253029378,0,0
"Angle + ring, 2 qubits",angular,ring,2,3,79,-0.6539687371721724,0,0
"Angle + ring, 2 qubits",angular,ring,2,3,80,0.9437595629305738,1,1
"Angle + ring, 2 qubits",angular,ring,2,3,81,-0.8122178386779036,0,0
"Angle + ring, 2 qubits",angular,ring,2,3,82,0.3532210813248109,1,1
"Angle + ring, 2 qubits",angular,ring,2,3,83,-0.9012239212320098,0,0
"Angle + ring, 2 qubits",angular,ring,2,3,84,0.9784378063360016,1,1
"Angle + ring, 2 qubits",angular,ring,2,3,85,-0.7060398316268932,1,0
"Angle + ring, 2 qubits",angular,ring,2,3,86,-0.4558434799993631,0,0
"Angle + ring, 2 qubits",angular,ring,2,3,87,-0.455843479999363,0,0
"Angle + ring, 2 qubits",angular,ring,2,3,88,0.4408629245970333,1,1
"Angle + ring, 2 qubits",angular,ring,2,3,89,0.4029795615612355,1,1
"Angle + ring, 2 qubits",angular,ring,2,3,90,-0.8240328103266158,0,0
"Angle + ring, 2 qubits",angular,ring,2,3,91,0.5795486462831582,1,1
"Angle + ring, 2 qubits",angular,ring,2,3,92,-0.8718302481945113,0,0
"Angle + ring, 2 qubits",angular,ring,2,3,93,0.9253354045985692,1,1
"Angle + ring, 2 qubits",angular,ring,2,3,94,0.323795238416472,1,1
"Angle + ring, 2 qubits",angular,ring,2,3,95,-0.7842196342327442,1,0
"Angle + ring, 2 qubits",angular,ring,2,3,96,0.8987187663349825,1,1
"Angle + ring, 2 qubits",angular,ring,2,3,97,-0.4558434799993628,0,0
"Angle + ring, 2 qubits",angular,ring,2,3,98,-0.9720399349420362,0,0
"Angle + ring, 2 qubits",angular,ring,2,3,99,0.82591046519003,1,1
"Angle + ring, 2 qubits",angular,ring,2,4,0,0.1707287137668025,1,1
"Angle + ring, 2 qubits",angular,ring,2,4,1,-0.4285279870064538,1,0
"Angle + ring, 2 qubits",angular,ring,2,4,2,0.2287758923555851,1,1
"Angle + ring, 2 qubits",angular,ring,2,4,3,0.9566623935456918,1,1
"Angle + ring, 2 qubits",angular,ring,2,4,4,0.2533225254705993,1,1
"Angle + ring, 2 qubits",angular,ring,2,4,5,-0.4285279870064539,0,0
"Angle + ring, 2 qubits",angular,ring,2,4,6,-0.617593930499073,0,0
"Angle + ring, 2 qubits",angular,ring,2,4,7,-0.776344641331561,0,0
"Angle + ring, 2 qubits",angular,ring,2,4,8,-0.4285279870064541,0,0
"Angle + ring, 2 qubits",angular,ring,2,4,9,0.8708213136453459,1,1
"Angle + ring, 2 qubits",angular,ring,2,4,10,0.0300449316901183,1,1
"Angle + ring, 2 qubits",angular,ring,2,4,11,-0.0447487341248539,1,0
"Angle + ring, 2 qubits",angular,ring,2,4,12,-0.4285279870064539,0,0
"Angle + ring, 2 qubits",angular,ring,2,4,13,-0.9619247233264846,0,0
"Angle + ring, 2 qubits",angular,ring,2,4,14,0.991675102472112,1,1
"Angle + ring, 2 qubits",angular,ring,2,4,15,-0.7339436010383568,0,0
"Angle + ring, 2 qubits",angular,ring,2,4,16,-0.8145074892153817,0,0
"Angle + ring, 2 qubits",angular,ring,2,4,17,-0.7305335873954215,0,0
"Angle + ring, 2 qubits",angular,ring,2,4,18,0.786036627588315,1,1
"Angle + ring, 2 qubits",angular,ring,2,4,19,0.86782057734965,1,1
"Angle + ring, 2 qubits",angular,ring,2,4,20,-0.0103650910496377,0,0
"Angle + ring, 2 qubits",angular,ring,2,4,21,-0.1988142492178899,1,0
"Angle + ring, 2 qubits",angular,ring,2,4,22,0.8089646743019259,1,1
"Angle + ring, 2 qubits",angular,ring,2,4,23,-0.4285279870064538,0,0
"Angle + ring, 2 qubits",angular,ring,2,4,24,0.1107405986434973,1,1
"Angle + ring, 2 qubits",angular,ring,2,4,25,-0.537172957187421,0,0
"Angle + ring, 2 qubits",angular,ring,2,4,26,0.710851210430127,1,1
"Angle + ring, 2 qubits",angular,ring,2,4,27,-0.7871698020753326,0,0
"Angle + ring, 2 qubits",angular,ring,2,4,28,-0.9379365888153006,0,0
"Angle + ring, 2 qubits",angular,ring,2,4,29,-0.0447487341248539,1,0
"Angle + ring, 2 qubits",angular,ring,2,4,30,-0.9499591309244724,0,0
"Angle + ring, 2 qubits",angular,ring,2,4,31,-0.9537502461990348,0,0
"Angle + ring, 2 qubits",angular,ring,2,4,32,-0.5369107884270328,0,0
"Angle + ring, 2 qubits",angular,ring,2,4,33,0.0280233238422005,1,1
"Angle + ring, 2 qubits",angular,ring,2,4,34,0.0691908571037077,1,1
"Angle + ring, 2 qubits",angular,ring,2,4,35,0.3753693958259533,1,1
"Angle + ring, 2 qubits",angular,ring,2,4,36,-0.8145074892153816,0,0
"Angle + ring, 2 qubits",angular,ring,2,4,37,-0.6423363418713595,0,0
"Angle + ring, 2 qubits",angular,ring,2,4,38,-0.7686583006174502,0,0
"Angle + ring, 2 qubits",angular,ring,2,4,39,0.9566623935456918,1,1
"Angle + ring, 2 qubits",angular,ring,2,4,40,-0.4285279870064538,1,0
"Angle + ring, 2 qubits",angular,ring,2,4,41,-0.6402991896242859,0,0
"Angle + ring, 2 qubits",angular,ring,2,4,42,-0.5531413228375908,0,0
"Angle + ring, 2 qubits",angular,ring,2,4,43,-0.7305335873954215,0,0
"Angle + ring, 2 qubits",angular,ring,2,4,44,-0.7339436010383568,0,0
"Angle + ring, 2 qubits",angular,ring,2,4,45,-0.4285279870064534,1,0
"Angle + ring, 2 qubits",angular,ring,2,4,46,-0.7446636786887559,0,0
"Angle + ring, 2 qubits",angular,ring,2,4,47,-0.9212309742200956,0,0
"Angle + ring, 2 qubits",angular,ring,2,4,48,-0.619438789674079,1,0
"Angle + ring, 2 qubits",angular,ring,2,4,49,0.6101635660653363,1,1
"Angle + ring, 2 qubits",angular,ring,2,4,50,0.9127399046068736,1,1
"Angle + ring, 2 qubits",angular,ring,2,4,51,-0.5371729571874213,0,0
"Angle + ring, 2 qubits",angular,ring,2,4,52,0.3652176618977243,1,1
"Angle + ring, 2 qubits",angular,ring,2,4,53,-0.0006981222817978,1,0
"Angle + ring, 2 qubits",angular,ring,2,4,54,0.9247790009808914,1,1
"Angle + ring, 2 qubits",angular,ring,2,4,55,0.0700823663388061,1,1
"Angle + ring, 2 qubits",angular,ring,2,4,56,-0.969983892930133,0,0
"Angle + ring, 2 qubits",angular,ring,2,4,57,-0.4285279870064539,0,0
"Angle + ring, 2 qubits",angular,ring,2,4,58,-0.1580941465611839,0,0
"Angle + ring, 2 qubits",angular,ring,2,4,59,-0.4327519810000687,0,0
"Angle + ring, 2 qubits",angular,ring,2,4,60,-0.9514903992943576,0,0
"Angle + ring, 2 qubits",angular,ring,2,4,61,0.4354816677884921,1,1
"Angle + ring, 2 qubits",angular,ring,2,4,62,-0.7339436010383568,0,0
"Angle + ring, 2 qubits",angular,ring,2,4,63,0.9955199018190816,1,1
"Angle + ring, 2 qubits",angular,ring,2,4,64,0.7473414519283857,1,1
"Angle + ring, 2 qubits",angular,ring,2,4,65,-0.6356922795337643,0,0
"Angle + ring, 2 qubits",angular,ring,2,4,66,0.9909906088932948,1,1
"Angle + ring, 2 qubits",angular,ring,2,4,67,-0.6503329608669725,0,0
"Angle + ring, 2 qubits",angular,ring,2,4,68,0.9566623935456918,1,1
"Angle + ring, 2 qubits",angular,ring,2,4,69,-0.6473786519418132,0,0
"Angle + ring, 2 qubits",angular,ring,2,4,70,0.7128637754421214,1,1
"Angle + ring, 2 qubits",angular,ring,2,4,71,-0.8145074892153817,0,0
"Angle + ring, 2 qubits",angular,ring,2,4,72,0.9253964921147112,1,1
"Angle + ring, 2 qubits",angular,ring,2,4,73,-0.9497224121437472,0,0
"Angle + ring, 2 qubits",angular,ring,2,4,74,0.9566623935456918,1,1
"Angle + ring, 2 qubits",angular,ring,2,4,75,-0.9344950430608758,0,0
"Angle + ring, 2 qubits",angular,ring,2,4,76,-0.974964489024341,0,0
"Angle + ring, 2 qubits",angular,ring,2,4,77,0.4628395580967811,1,1
"Angle + ring, 2 qubits",angular,ring,2,4,78,0.9566623935456918,1,1
"Angle + ring, 2 qubits",angular,ring,2,4,79,0.0280233238422004,1,1
"Angle + ring, 2 qubits",angular,ring,2,4,80,0.2731527216178712,1,1
"Angle + ring, 2 qubits",angular,ring,2,4,81,-0.955222509721924,0,0
"Angle + ring, 2 qubits",angular,ring,2,4,82,0.8450843310837994,1,1
"Angle + ring, 2 qubits",angular,ring,2,4,83,-0.4285279870064539,0,0
"Angle + ring, 2 qubits",angular,ring,2,4,84,-0.4285279870064541,0,0
"Angle + ring, 2 qubits",angular,ring,2,4,85,0.8962397571439505,1,1
"Angle + ring, 2 qubits",angular,ring,2,4,86,-0.5531413228375908,0,0
"Angle + ring, 2 qubits",angular,ring,2,4,87,0.9566623935456924,1,1
"Angle + ring, 2 qubits",angular,ring,2,4,88,0.9804035583587324,1,1
"Angle + ring, 2 qubits",angular,ring,2,4,89,0.1705997683535193,1,1
"Angle + ring, 2 qubits",angular,ring,2,4,90,0.7802073220169767,1,1
"Angle + ring, 2 qubits",angular,ring,2,4,91,-0.4285279870064541,0,0
"Angle + ring, 2 qubits",angular,ring,2,4,92,0.6014992869083274,1,1
"Angle + ring, 2 qubits",angular,ring,2,4,93,-0.8788948291134668,0,0
"Angle + ring, 2 qubits",angular,ring,2,4,94,0.9970477312239135,1,1
"Angle + ring, 2 qubits",angular,ring,2,4,95,-0.5531413228375908,0,0
"Angle + ring, 2 qubits",angular,ring,2,4,96,0.98371290359984,1,1
"Angle + ring, 2 qubits",angular,ring,2,4,97,-0.846565308985608,0,0
"Angle + ring, 2 qubits",angular,ring,2,4,98,0.449480925386815,1,1
"Angle + ring, 2 qubits",angular,ring,2,4,99,-0.5371729571874213,0,0
"Angle + ring, 4 qubits",angular,ring,4,0,0,0.1742625012124716,1,1
"Angle + ring, 4 qubits",angular,ring,4,0,1,-0.6174837979016823,0,0
"Angle + ring, 4 qubits",angular,ring,4,0,2,-0.519149074422578,0,0
"Angle + ring, 4 qubits",angular,ring,4,0,3,-0.6626657603350503,0,0
"Angle + ring, 4 qubits",angular,ring,4,0,4,0.7137622073179807,1,1
"Angle + ring, 4 qubits",angular,ring,4,0,5,-0.8362290131454622,0,0
"Angle + ring, 4 qubits",angular,ring,4,0,6,-0.3602026021657261,0,0
"Angle + ring, 4 qubits",angular,ring,4,0,7,0.4632687350301055,1,1
"Angle + ring, 4 qubits",angular,ring,4,0,8,0.4625924657450055,1,1
"Angle + ring, 4 qubits",angular,ring,4,0,9,-0.5396290721949608,0,0
"Angle + ring, 4 qubits",angular,ring,4,0,10,0.0491427483991299,1,1
"Angle + ring, 4 qubits",angular,ring,4,0,11,0.3119030202423643,1,1
"Angle + ring, 4 qubits",angular,ring,4,0,12,-0.5833265697151637,0,0
"Angle + ring, 4 qubits",angular,ring,4,0,13,-0.5165844024540859,0,0
"Angle + ring, 4 qubits",angular,ring,4,0,14,-0.6817810852239651,0,0
"Angle + ring, 4 qubits",angular,ring,4,0,15,0.524323423851134,1,1
"Angle + ring, 4 qubits",angular,ring,4,0,16,-0.0883673857836531,1,0
"Angle + ring, 4 qubits",angular,ring,4,0,17,0.416299837725858,1,1
"Angle + ring, 4 qubits",angular,ring,4,0,18,-0.7534646228172834,0,0
"Angle + ring, 4 qubits",angular,ring,4,0,19,0.3259655422424512,1,1
"Angle + ring, 4 qubits",angular,ring,4,0,20,-0.5487663426003269,0,0
"Angle + ring, 4 qubits",angular,ring,4,0,21,0.3826595733239717,1,1
"Angle + ring, 4 qubits",angular,ring,4,0,22,-0.659574319239687,0,0
"Angle + ring, 4 qubits",angular,ring,4,0,23,-0.5165844024540862,0,0
"Angle + ring, 4 qubits",angular,ring,4,0,24,-0.3807932366381605,0,0
"Angle + ring, 4 qubits",angular,ring,4,0,25,-0.0992039447060291,1,0
"Angle + ring, 4 qubits",angular,ring,4,0,26,0.5776220035896079,1,1
"Angle + ring, 4 qubits",angular,ring,4,0,27,-0.6004098636574347,0,0
"Angle + ring, 4 qubits",angular,ring,4,0,28,-0.516584402454086,0,0
"Angle + ring, 4 qubits",angular,ring,4,0,29,0.2218920095075477,1,1
"Angle + ring, 4 qubits",angular,ring,4,0,30,-0.5876336525030529,0,0
"Angle + ring, 4 qubits",angular,ring,4,0,31,-0.5930028517543381,0,0
"Angle + ring, 4 qubits",angular,ring,4,0,32,-0.0401870381858819,1,0
"Angle + ring, 4 qubits",angular,ring,4,0,33,-0.7976230011079843,0,0
"Angle + ring, 4 qubits",angular,ring,4,0,34,-0.7507721218912128,0,0
"Angle + ring, 4 qubits",angular,ring,4,0,35,0.5267955106290382,1,1
"Angle + ring, 4 qubits",angular,ring,4,0,36,0.8048037108704795,1,1
"Angle + ring, 4 qubits",angular,ring,4,0,37,0.5287433426493486,1,1
"Angle + ring, 4 qubits",angular,ring,4,0,38,-0.6679004042802427,0,0
"Angle + ring, 4 qubits",angular,ring,4,0,39,-0.5321622349952124,0,0
"Angle + ring, 4 qubits",angular,ring,4,0,40,0.0696957604673373,1,1
"Angle + ring, 4 qubits",angular,ring,4,0,41,-0.5624569483616579,0,0
"Angle + ring, 4 qubits",angular,ring,4,0,42,-0.5402580562650043,0,0
"Angle + ring, 4 qubits",angular,ring,4,0,43,-0.0278357337830504,1,0
"Angle + ring, 4 qubits",angular,ring,4,0,44,0.0875071642613953,1,1
"Angle + ring, 4 qubits",angular,ring,4,0,45,0.5279751247914815,1,1
"Angle + ring, 4 qubits",angular,ring,4,0,46,0.5967770069953522,1,1
"Angle + ring, 4 qubits",angular,ring,4,0,47,-0.7870769397689443,0,0
"Angle + ring, 4 qubits",angular,ring,4,0,48,0.5613104325137513,1,1
"Angle + ring, 4 qubits",angular,ring,4,0,49,-0.6166529080955467,0,0
"Angle + ring, 4 qubits",angular,ring,4,0,50,0.5130720705836451,1,1
"Angle + ring, 4 qubits",angular,ring,4,0,51,-0.7320123295838152,0,0
"Angle + ring, 4 qubits",angular,ring,4,0,52,-0.6470067908745454,0,0
"Angle + ring, 4 qubits",angular,ring,4,0,53,0.4833416769045806,1,1
"Angle + ring, 4 qubits",angular,ring,4,0,54,0.2282854587063698,1,1
"Angle + ring, 4 qubits",angular,ring,4,0,55,-0.5252620313399359,0,0
"Angle + ring, 4 qubits",angular,ring,4,0,56,-0.8008159442772117,0,0
"Angle + ring, 4 qubits",angular,ring,4,0,57,-0.2093004327331559,1,0
"Angle + ring, 4 qubits",angular,ring,4,0,58,-0.5030910591441764,0,0
"Angle + ring, 4 qubits",angular,ring,4,0,59,-0.6678246833710748,0,0
"Angle + ring, 4 qubits",angular,ring,4,0,60,0.0376607934093817,1,1
"Angle + ring, 4 qubits",angular,ring,4,0,61,-0.1399614750555426,1,0
"Angle + ring, 4 qubits",angular,ring,4,0,62,-0.4003242872172018,1,0
"Angle + ring, 4 qubits",angular,ring,4,0,63,-0.5862473592073736,0,0
"Angle + ring, 4 qubits",angular,ring,4,0,64,-0.3996165656173978,0,0
"Angle + ring, 4 qubits",angular,ring,4,0,65,0.3842374375337078,1,1
"Angle + ring, 4 qubits",angular,ring,4,0,66,-0.574146428722751,0,0
"Angle + ring, 4 qubits",angular,ring,4,0,67,0.3856924026297998,1,1
"Angle + ring, 4 qubits",angular,ring,4,0,68,-0.5737934277817135,0,0
"Angle + ring, 4 qubits",angular,ring,4,0,69,-0.5886866137599088,0,0
"Angle + ring, 4 qubits",angular,ring,4,0,70,-0.646260657980432,0,0
"Angle + ring, 4 qubits",angular,ring,4,0,71,0.426746999851443,1,1
"Angle + ring, 4 qubits",angular,ring,4,0,72,0.370641196997288,1,1
"Angle + ring, 4 qubits",angular,ring,4,0,73,0.380770869821906,1,1
"Angle + ring, 4 qubits",angular,ring,4,0,74,0.7627137623491317,1,1
"Angle + ring, 4 qubits",angular,ring,4,0,75,-0.6619965284735867,0,0
"Angle + ring, 4 qubits",angular,ring,4,0,76,-0.6158807554913488,0,0
"Angle + ring, 4 qubits",angular,ring,4,0,77,0.3184275844273771,1,1
"Angle + ring, 4 qubits",angular,ring,4,0,78,0.1670279038992002,1,1
"Angle + ring, 4 qubits",angular,ring,4,0,79,-0.8066400344550425,0,0
"Angle + ring, 4 qubits",angular,ring,4,0,80,0.5602791929710333,1,1
"Angle + ring, 4 qubits",angular,ring,4,0,81,-0.005260923589206,1,0
"Angle + ring, 4 qubits",angular,ring,4,0,82,-0.0869961455577375,0,0
"Angle + ring, 4 qubits",angular,ring,4,0,83,-0.5476163242219121,0,0
"Angle + ring, 4 qubits",angular,ring,4,0,84,0.0926312300352318,1,1
"Angle + ring, 4 qubits",angular,ring,4,0,85,-0.0205636414353161,1,0
"Angle + ring, 4 qubits",angular,ring,4,0,86,0.3668964507180377,1,1
"Angle + ring, 4 qubits",angular,ring,4,0,87,0.1212896043335827,1,1
"Angle + ring, 4 qubits",angular,ring,4,0,88,-0.5204215820046183,0,0
"Angle + ring, 4 qubits",angular,ring,4,0,89,-0.516584402454086,1,0
"Angle + ring, 4 qubits",angular,ring,4,0,90,-0.571346897964806,0,0
"Angle + ring, 4 qubits",angular,ring,4,0,91,0.7528835723071479,1,1
"Angle + ring, 4 qubits",angular,ring,4,0,92,-0.5165844024540862,0,0
"Angle + ring, 4 qubits",angular,ring,4,0,93,-0.3320568486322207,1,0
"Angle + ring, 4 qubits",angular,ring,4,0,94,-0.6125913146121882,0,0
"Angle + ring, 4 qubits",angular,ring,4,0,95,-0.8311594763022011,0,0
"Angle + ring, 4 qubits",angular,ring,4,0,96,-0.5165844024540867,0,0
"Angle + ring, 4 qubits",angular,ring,4,0,97,0.4538434822364086,1,1
"Angle + ring, 4 qubits",angular,ring,4,0,98,0.3309010950963964,1,1
"Angle + ring, 4 qubits",angular,ring,4,0,99,-0.5610134607258017,1,0
"Angle + ring, 4 qubits",angular,ring,4,1,0,-0.1851499636482918,1,0
"Angle + ring, 4 qubits",angular,ring,4,1,1,-0.9586587020649544,0,0
"Angle + ring, 4 qubits",angular,ring,4,1,2,-0.8582328003001107,0,0
"Angle + ring, 4 qubits",angular,ring,4,1,3,-0.5504324681578934,0,0
"Angle + ring, 4 qubits",angular,ring,4,1,4,-0.8345896356208513,0,0
"Angle + ring, 4 qubits",angular,ring,4,1,5,-0.0566849494969661,1,0
"Angle + ring, 4 qubits",angular,ring,4,1,6,-0.6796330195919245,0,0
"Angle + ring, 4 qubits",angular,ring,4,1,7,0.6676405350300438,1,1
"Angle + ring, 4 qubits",angular,ring,4,1,8,0.0514190087346374,1,1
"Angle + ring, 4 qubits",angular,ring,4,1,9,-0.7109665680582592,0,0
"Angle + ring, 4 qubits",angular,ring,4,1,10,-0.5915501164931825,0,0
"Angle + ring, 4 qubits",angular,ring,4,1,11,0.4983117170610238,1,1
"Angle + ring, 4 qubits",angular,ring,4,1,12,-0.1520919141251336,1,0
"Angle + ring, 4 qubits",angular,ring,4,1,13,-0.3573233080205398,1,0
"Angle + ring, 4 qubits",angular,ring,4,1,14,-0.8232386239393813,0,0
"Angle + ring, 4 qubits",angular,ring,4,1,15,-0.6381934737232784,0,0
"Angle + ring, 4 qubits",angular,ring,4,1,16,-0.2033419615992762,1,0
"Angle + ring, 4 qubits",angular,ring,4,1,17,0.5127486199438747,1,1
"Angle + ring, 4 qubits",angular,ring,4,1,18,-0.5504324681578935,0,0
"Angle + ring, 4 qubits",angular,ring,4,1,19,0.8016290439417386,1,1
"Angle + ring, 4 qubits",angular,ring,4,1,20,-0.791585124925504,0,0
"Angle + ring, 4 qubits",angular,ring,4,1,21,-0.8178778118097788,0,0
"Angle + ring, 4 qubits",angular,ring,4,1,22,-0.1713507432756336,1,0
"Angle + ring, 4 qubits",angular,ring,4,1,23,-0.5593447681099308,0,0
"Angle + ring, 4 qubits",angular,ring,4,1,24,0.6629940500775219,1,1
"Angle + ring, 4 qubits",angular,ring,4,1,25,-0.6618426798718139,0,0
"Angle + ring, 4 qubits",angular,ring,4,1,26,0.0770603034375542,1,1
"Angle + ring, 4 qubits",angular,ring,4,1,27,0.0699147387965774,1,1
"Angle + ring, 4 qubits",angular,ring,4,1,28,-0.1373607510974719,1,0
"Angle + ring, 4 qubits",angular,ring,4,1,29,-0.1662435784055389,1,0
"Angle + ring, 4 qubits",angular,ring,4,1,30,-0.8637315669209831,0,0
"Angle + ring, 4 qubits",angular,ring,4,1,31,-0.6503112284425219,1,0
"Angle + ring, 4 qubits",angular,ring,4,1,32,-0.5654961923864993,0,0
"Angle + ring, 4 qubits",angular,ring,4,1,33,-0.7910499980980907,0,0
"Angle + ring, 4 qubits",angular,ring,4,1,34,-0.65329316150944,0,0
"Angle + ring, 4 qubits",angular,ring,4,1,35,-0.5504324681578938,0,0
"Angle + ring, 4 qubits",angular,ring,4,1,36,-0.570417546366443,0,0
"Angle + ring, 4 qubits",angular,ring,4,1,37,0.1645885185305841,1,1
"Angle + ring, 4 qubits",angular,ring,4,1,38,0.4395378038562028,1,1
"Angle + ring, 4 qubits",angular,ring,4,1,39,0.4546484691234728,1,1
"Angle + ring, 4 qubits",angular,ring,4,1,40,-0.8425344456862017,0,0
"Angle + ring, 4 qubits",angular,ring,4,1,41,-0.3706082218383568,1,0
"Angle + ring, 4 qubits",angular,ring,4,1,42,-0.8151727714493949,0,0
"Angle + ring, 4 qubits",angular,ring,4,1,43,-0.8282609599028393,0,0
"Angle + ring, 4 qubits",angular,ring,4,1,44,0.4373251423413657,1,1
"Angle + ring, 4 qubits",angular,ring,4,1,45,-0.7122351076857807,0,0
"Angle + ring, 4 qubits",angular,ring,4,1,46,0.752154161899033,1,1
"Angle + ring, 4 qubits",angular,ring,4,1,47,-0.7307094358308253,0,0
"Angle + ring, 4 qubits",angular,ring,4,1,48,0.5272492474480643,1,1
"Angle + ring, 4 qubits",angular,ring,4,1,49,-0.2630463370994855,1,0
"Angle + ring, 4 qubits",angular,ring,4,1,50,-0.4403475358572989,0,0
"Angle + ring, 4 qubits",angular,ring,4,1,51,-0.1981198444268091,1,0
"Angle + ring, 4 qubits",angular,ring,4,1,52,0.758135222170264,1,1
"Angle + ring, 4 qubits",angular,ring,4,1,53,-0.8983308513540745,0,0
"Angle + ring, 4 qubits",angular,ring,4,1,54,-0.5504324681578942,1,0
"Angle + ring, 4 qubits",angular,ring,4,1,55,-0.670788666451271,0,0
"Angle + ring, 4 qubits",angular,ring,4,1,56,0.6144551255683981,1,1
"Angle + ring, 4 qubits",angular,ring,4,1,57,-0.7738266752413876,0,0
"Angle + ring, 4 qubits",angular,ring,4,1,58,0.3711842516175289,1,1
"Angle + ring, 4 qubits",angular,ring,4,1,59,-0.8065137625448039,0,0
"Angle + ring, 4 qubits",angular,ring,4,1,60,-0.0507624343787955,1,0
"Angle + ring, 4 qubits",angular,ring,4,1,61,0.7752688337689844,1,1
"Angle + ring, 4 qubits",angular,ring,4,1,62,0.1062159973308756,1,1
"Angle + ring, 4 qubits",angular,ring,4,1,63,-0.7730876223285055,0,0
"Angle + ring, 4 qubits",angular,ring,4,1,64,-0.5947777636444596,0,0
"Angle + ring, 4 qubits",angular,ring,4,1,65,0.7742420089514453,1,1
"Angle + ring, 4 qubits",angular,ring,4,1,66,0.4833128670097465,1,1
"Angle + ring, 4 qubits",angular,ring,4,1,67,-0.0423061414766325,1,0
"Angle + ring, 4 qubits",angular,ring,4,1,68,0.5127486199438747,1,1
"Angle + ring, 4 qubits",angular,ring,4,1,69,-0.6961274311293255,0,0
"Angle + ring, 4 qubits",angular,ring,4,1,70,-0.6023780908007389,0,0
"Angle + ring, 4 qubits",angular,ring,4,1,71,0.0256181620604382,1,1
"Angle + ring, 4 qubits",angular,ring,4,1,72,0.0727560927608793,1,1
"Angle + ring, 4 qubits",angular,ring,4,1,73,0.1532789762134911,1,1
"Angle + ring, 4 qubits",angular,ring,4,1,74,-0.7151428712267336,0,0
"Angle + ring, 4 qubits",angular,ring,4,1,75,0.6812280292503816,1,1
"Angle + ring, 4 qubits",angular,ring,4,1,76,-0.5952221850118724,0,0
"Angle + ring, 4 qubits",angular,ring,4,1,77,-0.6258215127579265,0,0
"Angle + ring, 4 qubits",angular,ring,4,1,78,0.4788226114372979,1,1
"Angle + ring, 4 qubits",angular,ring,4,1,79,-0.8224684358068673,0,0
"Angle + ring, 4 qubits",angular,ring,4,1,80,0.5433853145516517,1,1
"Angle + ring, 4 qubits",angular,ring,4,1,81,0.0513496251406426,1,1
"Angle + ring, 4 qubits",angular,ring,4,1,82,0.0507235222159991,1,1
"Angle + ring, 4 qubits",angular,ring,4,1,83,-0.1765337947904466,1,0
"Angle + ring, 4 qubits",angular,ring,4,1,84,-0.7582363581049171,0,0
"Angle + ring, 4 qubits",angular,ring,4,1,85,-0.5371376148635834,0,0
"Angle + ring, 4 qubits",angular,ring,4,1,86,0.597800496070798,1,1
"Angle + ring, 4 qubits",angular,ring,4,1,87,-0.2489507995384003,1,0
"Angle + ring, 4 qubits",angular,ring,4,1,88,0.3231253794744475,1,1
"Angle + ring, 4 qubits",angular,ring,4,1,89,-0.8676373984486511,0,0
"Angle + ring, 4 qubits",angular,ring,4,1,90,-0.5989811262087336,0,0
"Angle + ring, 4 qubits",angular,ring,4,1,91,-0.5740178754723674,0,0
"Angle + ring, 4 qubits",angular,ring,4,1,92,0.5127486199438747,1,1
"Angle + ring, 4 qubits",angular,ring,4,1,93,-0.5593447681099312,0,0
"Angle + ring, 4 qubits",angular,ring,4,1,94,-0.6458269532379529,0,0
"Angle + ring, 4 qubits",angular,ring,4,1,95,-0.2999749009290543,0,0
"Angle + ring, 4 qubits",angular,ring,4,1,96,-0.5504324681578938,0,0
"Angle + ring, 4 qubits",angular,ring,4,1,97,-0.8774351077888766,0,0
"Angle + ring, 4 qubits",angular,ring,4,1,98,-0.8160404820423715,0,0
"Angle + ring, 4 qubits",angular,ring,4,1,99,0.5617431960909973,1,1
"Angle + ring, 4 qubits",angular,ring,4,2,0,0.0422391257690464,1,1
"Angle + ring, 4 qubits",angular,ring,4,2,1,-0.7883477432653989,0,0
"Angle + ring, 4 qubits",angular,ring,4,2,2,-0.9445659531909956,0,0
"Angle + ring, 4 qubits",angular,ring,4,2,3,-0.7271589233735687,0,0
"Angle + ring, 4 qubits",angular,ring,4,2,4,0.5178901394183816,1,1
"Angle + ring, 4 qubits",angular,ring,4,2,5,-0.3952914832243644,1,0
"Angle + ring, 4 qubits",angular,ring,4,2,6,-0.9212926624275576,0,0
"Angle + ring, 4 qubits",angular,ring,4,2,7,0.2444753966677924,1,1
"Angle + ring, 4 qubits",angular,ring,4,2,8,-0.6223839940720495,0,0
"Angle + ring, 4 qubits",angular,ring,4,2,9,-0.910623502423178,0,0
"Angle + ring, 4 qubits",angular,ring,4,2,10,-0.914561925564206,0,0
"Angle + ring, 4 qubits",angular,ring,4,2,11,0.1112313753169869,1,1
"Angle + ring, 4 qubits",angular,ring,4,2,12,-0.8040646777547233,0,0
"Angle + ring, 4 qubits",angular,ring,4,2,13,-0.7423618888407144,0,0
"Angle + ring, 4 qubits",angular,ring,4,2,14,0.1130202679193622,1,1
"Angle + ring, 4 qubits",angular,ring,4,2,15,0.7876293096962212,1,1
"Angle + ring, 4 qubits",angular,ring,4,2,16,-0.882260047446227,0,0
"Angle + ring, 4 qubits",angular,ring,4,2,17,0.2362637734747422,1,1
"Angle + ring, 4 qubits",angular,ring,4,2,18,-0.8824267339913099,0,0
"Angle + ring, 4 qubits",angular,ring,4,2,19,-0.8927457753091028,0,0
"Angle + ring, 4 qubits",angular,ring,4,2,20,-0.6461762146635996,1,0
"Angle + ring, 4 qubits",angular,ring,4,2,21,0.1998555454491756,1,1
"Angle + ring, 4 qubits",angular,ring,4,2,22,-0.7271589233735688,0,0
"Angle + ring, 4 qubits",angular,ring,4,2,23,0.2390160485096705,1,1
"Angle + ring, 4 qubits",angular,ring,4,2,24,0.1486452879835058,1,1
"Angle + ring, 4 qubits",angular,ring,4,2,25,-0.9029996390234776,0,0
"Angle + ring, 4 qubits",angular,ring,4,2,26,-0.0759386844750142,1,0
"Angle + ring, 4 qubits",angular,ring,4,2,27,-0.6891598266749686,0,0
"Angle + ring, 4 qubits",angular,ring,4,2,28,-0.8577701478630849,0,0
"Angle + ring, 4 qubits",angular,ring,4,2,29,-0.2556910941444047,1,0
"Angle + ring, 4 qubits",angular,ring,4,2,30,-0.7808352250244361,0,0
"Angle + ring, 4 qubits",angular,ring,4,2,31,-0.8597407137016527,0,0
"Angle + ring, 4 qubits",angular,ring,4,2,32,0.2742909911791913,1,1
"Angle + ring, 4 qubits",angular,ring,4,2,33,0.0542323234112684,1,1
"Angle + ring, 4 qubits",angular,ring,4,2,34,-0.8101043702432027,0,0
"Angle + ring, 4 qubits",angular,ring,4,2,35,-0.7281644657164226,0,0
"Angle + ring, 4 qubits",angular,ring,4,2,36,-0.3042760855799462,1,0
"Angle + ring, 4 qubits",angular,ring,4,2,37,0.0531612427334953,1,1
"Angle + ring, 4 qubits",angular,ring,4,2,38,0.1374508011783143,1,1
"Angle + ring, 4 qubits",angular,ring,4,2,39,-0.8921130910020814,0,0
"Angle + ring, 4 qubits",angular,ring,4,2,40,-0.8190559699414336,0,0
"Angle + ring, 4 qubits",angular,ring,4,2,41,0.0114616383396941,1,1
"Angle + ring, 4 qubits",angular,ring,4,2,42,-0.861155659599654,0,0
"Angle + ring, 4 qubits",angular,ring,4,2,43,-0.1487653908902512,1,0
"Angle + ring, 4 qubits",angular,ring,4,2,44,0.8193847746890819,1,1
"Angle + ring, 4 qubits",angular,ring,4,2,45,-0.7271589233735678,1,0
"Angle + ring, 4 qubits",angular,ring,4,2,46,0.4029031626956116,1,1
"Angle + ring, 4 qubits",angular,ring,4,2,47,-0.5953048794345404,0,0
"Angle + ring, 4 qubits",angular,ring,4,2,48,-0.7592029048847002,0,0
"Angle + ring, 4 qubits",angular,ring,4,2,49,-0.4433955261953005,0,0
"Angle + ring, 4 qubits",angular,ring,4,2,50,-0.7322679043960592,0,0
"Angle + ring, 4 qubits",angular,ring,4,2,51,-0.8650124498922463,0,0
"Angle + ring, 4 qubits",angular,ring,4,2,52,-0.0068230032045593,1,0
"Angle + ring, 4 qubits",angular,ring,4,2,53,0.881179351311014,1,1
"Angle + ring, 4 qubits",angular,ring,4,2,54,0.6253887952951556,1,1
"Angle + ring, 4 qubits",angular,ring,4,2,55,0.6574470677613882,1,1
"Angle + ring, 4 qubits",angular,ring,4,2,56,-0.9254773081280534,0,0
"Angle + ring, 4 qubits",angular,ring,4,2,57,-0.2574190994373276,0,0
"Angle + ring, 4 qubits",angular,ring,4,2,58,0.4935607284421105,1,1
"Angle + ring, 4 qubits",angular,ring,4,2,59,-0.7271589233735688,0,0
"Angle + ring, 4 qubits",angular,ring,4,2,60,0.7958418825400257,1,1
"Angle + ring, 4 qubits",angular,ring,4,2,61,-0.7722770896757147,0,0
"Angle + ring, 4 qubits",angular,ring,4,2,62,0.5447268863671196,1,1
"Angle + ring, 4 qubits",angular,ring,4,2,63,-0.1734246241469328,1,0
"Angle + ring, 4 qubits",angular,ring,4,2,64,0.1971226039123119,1,1
"Angle + ring, 4 qubits",angular,ring,4,2,65,-0.6640677071288582,0,0
"Angle + ring, 4 qubits",angular,ring,4,2,66,-0.0958678227343051,1,0
"Angle + ring, 4 qubits",angular,ring,4,2,67,-0.576555830888906,0,0
"Angle + ring, 4 qubits",angular,ring,4,2,68,0.0449793520872613,1,1
"Angle + ring, 4 qubits",angular,ring,4,2,69,-0.8805808065287912,0,0
"Angle + ring, 4 qubits",angular,ring,4,2,70,-0.8059438812343018,0,0
"Angle + ring, 4 qubits",angular,ring,4,2,71,-0.9156901321779952,0,0
"Angle + ring, 4 qubits",angular,ring,4,2,72,-0.727158923373568,0,0
"Angle + ring, 4 qubits",angular,ring,4,2,73,-0.7430855978137119,0,0
"Angle + ring, 4 qubits",angular,ring,4,2,74,-0.7271589233735681,1,0
"Angle + ring, 4 qubits",angular,ring,4,2,75,-0.7658862606198418,0,0
"Angle + ring, 4 qubits",angular,ring,4,2,76,0.6115767937306467,1,1
"Angle + ring, 4 qubits",angular,ring,4,2,77,-0.9284088106943088,0,0
"Angle + ring, 4 qubits",angular,ring,4,2,78,-0.270500177268751,1,0
"Angle + ring, 4 qubits",angular,ring,4,2,79,-0.8700031220960285,0,0
"Angle + ring, 4 qubits",angular,ring,4,2,80,0.5864739272385135,1,1
"Angle + ring, 4 qubits",angular,ring,4,2,81,-0.5950913832991601,0,0
"Angle + ring, 4 qubits",angular,ring,4,2,82,0.5710489418566953,1,1
"Angle + ring, 4 qubits",angular,ring,4,2,83,-0.4752719064410547,1,0
"Angle + ring, 4 qubits",angular,ring,4,2,84,0.2971758285530152,1,1
"Angle + ring, 4 qubits",angular,ring,4,2,85,0.5690911436924847,1,1
"Angle + ring, 4 qubits",angular,ring,4,2,86,-0.8101414697278743,0,0
"Angle + ring, 4 qubits",angular,ring,4,2,87,-0.3367144879831486,1,0
"Angle + ring, 4 qubits",angular,ring,4,2,88,-0.8639738614908887,0,0
"Angle + ring, 4 qubits",angular,ring,4,2,89,-0.8103156375234957,0,0
"Angle + ring, 4 qubits",angular,ring,4,2,90,0.6479432473735028,1,1
"Angle + ring, 4 qubits",angular,ring,4,2,91,0.4596542994468284,1,1
"Angle + ring, 4 qubits",angular,ring,4,2,92,-0.0395616831509771,1,0
"Angle + ring, 4 qubits",angular,ring,4,2,93,0.0076518512142077,1,1
"Angle + ring, 4 qubits",angular,ring,4,2,94,0.201262295367229,1,1
"Angle + ring, 4 qubits",angular,ring,4,2,95,-0.7168085474475141,1,0
"Angle + ring, 4 qubits",angular,ring,4,2,96,-0.7865673507750381,0,0
"Angle + ring, 4 qubits",angular,ring,4,2,97,0.0071393793567963,1,1
"Angle + ring, 4 qubits",angular,ring,4,2,98,-0.8937019164624249,0,0
"Angle + ring, 4 qubits",angular,ring,4,2,99,-0.9008438643992815,0,0
"Angle + ring, 4 qubits",angular,ring,4,3,0,-0.1065247231036996,1,0
"Angle + ring, 4 qubits",angular,ring,4,3,1,0.6615939732385037,1,1
"Angle + ring, 4 qubits",angular,ring,4,3,2,0.2861840167996283,1,1
"Angle + ring, 4 qubits",angular,ring,4,3,3,-0.5522806231017721,0,0
"Angle + ring, 4 qubits",angular,ring,4,3,4,-0.7606825133076143,0,0
"Angle + ring, 4 qubits",angular,ring,4,3,5,-0.4261011515697783,1,0
"Angle + ring, 4 qubits",angular,ring,4,3,6,-0.5853316267885391,0,0
"Angle + ring, 4 qubits",angular,ring,4,3,7,-0.1379417928341428,1,0
"Angle + ring, 4 qubits",angular,ring,4,3,8,0.2522426667328715,1,1
"Angle + ring, 4 qubits",angular,ring,4,3,9,-0.5522806231017721,1,0
"Angle + ring, 4 qubits",angular,ring,4,3,10,0.6122545181484137,1,1
"Angle + ring, 4 qubits",angular,ring,4,3,11,0.7031574632275012,1,1
"Angle + ring, 4 qubits",angular,ring,4,3,12,-0.8968800598215018,0,0
"Angle + ring, 4 qubits",angular,ring,4,3,13,-0.6823770062613683,0,0
"Angle + ring, 4 qubits",angular,ring,4,3,14,-0.5522806231017721,0,0
"Angle + ring, 4 qubits",angular,ring,4,3,15,-0.189909442505391,1,0
"Angle + ring, 4 qubits",angular,ring,4,3,16,0.0271116188909228,1,1
"Angle + ring, 4 qubits",angular,ring,4,3,17,-0.5522806231017716,1,0
"Angle + ring, 4 qubits",angular,ring,4,3,18,-0.8546821969310466,0,0
"Angle + ring, 4 qubits",angular,ring,4,3,19,0.680540247787188,1,1
"Angle + ring, 4 qubits",angular,ring,4,3,20,-0.8861754971802581,0,0
"Angle + ring, 4 qubits",angular,ring,4,3,21,-0.7943539306288318,0,0
"Angle + ring, 4 qubits",angular,ring,4,3,22,0.6845217364678141,1,1
"Angle + ring, 4 qubits",angular,ring,4,3,23,-0.7323147746150782,0,0
"Angle + ring, 4 qubits",angular,ring,4,3,24,-0.5311900326200083,0,0
"Angle + ring, 4 qubits",angular,ring,4,3,25,-0.5756578276196566,0,0
"Angle + ring, 4 qubits",angular,ring,4,3,26,-0.8850849872499977,0,0
"Angle + ring, 4 qubits",angular,ring,4,3,27,0.059648752471947,1,1
"Angle + ring, 4 qubits",angular,ring,4,3,28,-0.312873983746829,0,0
"Angle + ring, 4 qubits",angular,ring,4,3,29,-0.7888890920542739,0,0
"Angle + ring, 4 qubits",angular,ring,4,3,30,-0.8539042722401955,0,0
"Angle + ring, 4 qubits",angular,ring,4,3,31,0.0808263802570221,1,1
"Angle + ring, 4 qubits",angular,ring,4,3,32,0.6122545181484131,1,1
"Angle + ring, 4 qubits",angular,ring,4,3,33,0.0498603984838935,1,1
"Angle + ring, 4 qubits",angular,ring,4,3,34,-0.841751018040628,0,0
"Angle + ring, 4 qubits",angular,ring,4,3,35,-0.7112225386538246,0,0
"Angle + ring, 4 qubits",angular,ring,4,3,36,-0.7803101282947741,0,0
"Angle + ring, 4 qubits",angular,ring,4,3,37,0.4623845097465211,1,1
"Angle + ring, 4 qubits",angular,ring,4,3,38,-0.3910862033418831,1,0
"Angle + ring, 4 qubits",angular,ring,4,3,39,0.2825511000999827,1,1
"Angle + ring, 4 qubits",angular,ring,4,3,40,-0.7766084860990323,0,0
"Angle + ring, 4 qubits",angular,ring,4,3,41,0.5418578760446897,1,1
"Angle + ring, 4 qubits",angular,ring,4,3,42,-0.8223560562091937,0,0
"Angle + ring, 4 qubits",angular,ring,4,3,43,0.3950610666497852,1,1
"Angle + ring, 4 qubits",angular,ring,4,3,44,0.5349696444556584,1,1
"Angle + ring, 4 qubits",angular,ring,4,3,45,-0.8097273157656719,0,0
"Angle + ring, 4 qubits",angular,ring,4,3,46,-0.898366385625237,0,0
"Angle + ring, 4 qubits",angular,ring,4,3,47,0.7663161401071379,1,1
"Angle + ring, 4 qubits",angular,ring,4,3,48,0.6188254860089687,1,1
"Angle + ring, 4 qubits",angular,ring,4,3,49,-0.8426939337258748,0,0
"Angle + ring, 4 qubits",angular,ring,4,3,50,-0.187810282945907,1,0
"Angle + ring, 4 qubits",angular,ring,4,3,51,0.6989104528566121,1,1
"Angle + ring, 4 qubits",angular,ring,4,3,52,-0.4357445231228403,1,0
"Angle + ring, 4 qubits",angular,ring,4,3,53,0.0771708824503786,1,1
"Angle + ring, 4 qubits",angular,ring,4,3,54,-0.8781197570302646,0,0
"Angle + ring, 4 qubits",angular,ring,4,3,55,-0.6547090639354888,0,0
"Angle + ring, 4 qubits",angular,ring,4,3,56,-0.6898530508264973,0,0
"Angle + ring, 4 qubits",angular,ring,4,3,57,-0.6005056698428164,1,0
"Angle + ring, 4 qubits",angular,ring,4,3,58,-0.7752294343089915,0,0
"Angle + ring, 4 qubits",angular,ring,4,3,59,0.5064387749785071,1,1
"Angle + ring, 4 qubits",angular,ring,4,3,60,0.2925582862024437,1,1
"Angle + ring, 4 qubits",angular,ring,4,3,61,-0.8902658555853119,0,0
"Angle + ring, 4 qubits",angular,ring,4,3,62,-0.5522806231017718,0,0
"Angle + ring, 4 qubits",angular,ring,4,3,63,0.0303084104043322,1,1
"Angle + ring, 4 qubits",angular,ring,4,3,64,0.0935692587123911,1,1
"Angle + ring, 4 qubits",angular,ring,4,3,65,-0.6901305895360386,0,0
"Angle + ring, 4 qubits",angular,ring,4,3,66,-0.2050616354229842,1,0
"Angle + ring, 4 qubits",angular,ring,4,3,67,-0.7709043009363374,0,0
"Angle + ring, 4 qubits",angular,ring,4,3,68,-0.8295414328326964,0,0
"Angle + ring, 4 qubits",angular,ring,4,3,69,-0.344873277495515,1,0
"Angle + ring, 4 qubits",angular,ring,4,3,70,-0.5522806231017721,0,0
"Angle + ring, 4 qubits",angular,ring,4,3,71,-0.7666857220500433,0,0
"Angle + ring, 4 qubits",angular,ring,4,3,72,0.6873539530570474,1,1
"Angle + ring, 4 qubits",angular,ring,4,3,73,-0.7233552250859329,0,0
"Angle + ring, 4 qubits",angular,ring,4,3,74,-0.8163774999374334,0,0
"Angle + ring, 4 qubits",angular,ring,4,3,75,-0.1858043145868025,1,0
"Angle + ring, 4 qubits",angular,ring,4,3,76,-0.6177725821150529,0,0
"Angle + ring, 4 qubits",angular,ring,4,3,77,-0.8450458132034855,0,0
"Angle + ring, 4 qubits",angular,ring,4,3,78,-0.6630093481993437,0,0
"Angle + ring, 4 qubits",angular,ring,4,3,79,-0.850132314300318,0,0
"Angle + ring, 4 qubits",angular,ring,4,3,80,0.6319032378802673,1,1
"Angle + ring, 4 qubits",angular,ring,4,3,81,-0.7108696146938939,0,0
"Angle + ring, 4 qubits",angular,ring,4,3,82,0.5756282380107465,1,1
"Angle + ring, 4 qubits",angular,ring,4,3,83,-0.8636610329761437,0,0
"Angle + ring, 4 qubits",angular,ring,4,3,84,0.6122545181484131,1,1
"Angle + ring, 4 qubits",angular,ring,4,3,85,-0.6266967265321186,1,0
"Angle + ring, 4 qubits",angular,ring,4,3,86,-0.7172568487437221,0,0
"Angle + ring, 4 qubits",angular,ring,4,3,87,-0.552280623101772,0,0
"Angle + ring, 4 qubits",angular,ring,4,3,88,0.0557932784705665,1,1
"Angle + ring, 4 qubits",angular,ring,4,3,89,0.2414856476432067,1,1
"Angle + ring, 4 qubits",angular,ring,4,3,90,-0.7334466872690127,0,0
"Angle + ring, 4 qubits",angular,ring,4,3,91,0.7661408716324979,1,1
"Angle + ring, 4 qubits",angular,ring,4,3,92,-0.6828326732029024,0,0
"Angle + ring, 4 qubits",angular,ring,4,3,93,0.6397662824002723,1,1
"Angle + ring, 4 qubits",angular,ring,4,3,94,0.1464154738757174,1,1
"Angle + ring, 4 qubits",angular,ring,4,3,95,-0.459974672515153,1,0
"Angle + ring, 4 qubits",angular,ring,4,3,96,0.7564776407468969,1,1
"Angle + ring, 4 qubits",angular,ring,4,3,97,-0.552280623101772,0,0
"Angle + ring, 4 qubits",angular,ring,4,3,98,-0.7063612977849942,0,0
"Angle + ring, 4 qubits",angular,ring,4,3,99,0.3657735198748481,1,1
"Angle + ring, 4 qubits",angular,ring,4,4,0,-0.1803500969170607,1,0
"Angle + ring, 4 qubits",angular,ring,4,4,1,-0.4351415247552835,1,0
"Angle + ring, 4 qubits",angular,ring,4,4,2,0.598239182333318,1,1
"Angle + ring, 4 qubits",angular,ring,4,4,3,0.1953068569530416,1,1
"Angle + ring, 4 qubits",angular,ring,4,4,4,-0.2773993638727959,1,0
"Angle + ring, 4 qubits",angular,ring,4,4,5,-0.4591978961013541,0,0
"Angle + ring, 4 qubits",angular,ring,4,4,6,-0.4079636702715991,0,0
"Angle + ring, 4 qubits",angular,ring,4,4,7,-0.4048562269548155,0,0
"Angle + ring, 4 qubits",angular,ring,4,4,8,-0.4488250855163596,0,0
"Angle + ring, 4 qubits",angular,ring,4,4,9,0.1533630260247015,1,1
"Angle + ring, 4 qubits",angular,ring,4,4,10,0.3433180747019737,1,1
"Angle + ring, 4 qubits",angular,ring,4,4,11,0.4156525247390683,1,1
"Angle + ring, 4 qubits",angular,ring,4,4,12,-0.5512294864573516,0,0
"Angle + ring, 4 qubits",angular,ring,4,4,13,-0.6660756899722915,0,0
"Angle + ring, 4 qubits",angular,ring,4,4,14,0.5280721595540644,1,1
"Angle + ring, 4 qubits",angular,ring,4,4,15,-0.685688819644694,0,0
"Angle + ring, 4 qubits",angular,ring,4,4,16,-0.707194893019659,0,0
"Angle + ring, 4 qubits",angular,ring,4,4,17,-0.4311420373513989,0,0
"Angle + ring, 4 qubits",angular,ring,4,4,18,0.561932569401308,1,1
"Angle + ring, 4 qubits",angular,ring,4,4,19,0.6405342277461834,1,1
"Angle + ring, 4 qubits",angular,ring,4,4,20,-0.3021598525259577,0,0
"Angle + ring, 4 qubits",angular,ring,4,4,21,-0.1229569978078467,1,0
"Angle + ring, 4 qubits",angular,ring,4,4,22,0.337916077864047,1,1
"Angle + ring, 4 qubits",angular,ring,4,4,23,-0.4351415247552838,0,0
"Angle + ring, 4 qubits",angular,ring,4,4,24,0.3633846312345731,1,1
"Angle + ring, 4 qubits",angular,ring,4,4,25,-0.799237606166753,0,0
"Angle + ring, 4 qubits",angular,ring,4,4,26,0.2713448804690099,1,1
"Angle + ring, 4 qubits",angular,ring,4,4,27,-0.4484411922744992,0,0
"Angle + ring, 4 qubits",angular,ring,4,4,28,-0.6856761965857943,0,0
"Angle + ring, 4 qubits",angular,ring,4,4,29,0.4498762702231452,1,1
"Angle + ring, 4 qubits",angular,ring,4,4,30,-0.7913474224090846,0,0
"Angle + ring, 4 qubits",angular,ring,4,4,31,-0.6139267273728104,0,0
"Angle + ring, 4 qubits",angular,ring,4,4,32,-0.6522094784505672,0,0
"Angle + ring, 4 qubits",angular,ring,4,4,33,0.4893966394138261,1,1
"Angle + ring, 4 qubits",angular,ring,4,4,34,0.1396316632519312,1,1
"Angle + ring, 4 qubits",angular,ring,4,4,35,0.7730654833418432,1,1
"Angle + ring, 4 qubits",angular,ring,4,4,36,-0.895932014477468,0,0
"Angle + ring, 4 qubits",angular,ring,4,4,37,-0.895747464119771,0,0
"Angle + ring, 4 qubits",angular,ring,4,4,38,-0.5922542485097028,0,0
"Angle + ring, 4 qubits",angular,ring,4,4,39,0.3417156814757201,1,1
"Angle + ring, 4 qubits",angular,ring,4,4,40,-0.4351415247552838,1,0
"Angle + ring, 4 qubits",angular,ring,4,4,41,-0.857432474210634,0,0
"Angle + ring, 4 qubits",angular,ring,4,4,42,-0.447128984758719,0,0
"Angle + ring, 4 qubits",angular,ring,4,4,43,-0.3075911766639917,0,0
"Angle + ring, 4 qubits",angular,ring,4,4,44,-0.8942499330866502,0,0
"Angle + ring, 4 qubits",angular,ring,4,4,45,-0.4351415247552832,1,0
"Angle + ring, 4 qubits",angular,ring,4,4,46,-0.2966369117173325,0,0
"Angle + ring, 4 qubits",angular,ring,4,4,47,-0.8410747834578854,0,0
"Angle + ring, 4 qubits",angular,ring,4,4,48,-0.733778987168932,1,0
"Angle + ring, 4 qubits",angular,ring,4,4,49,0.4537153972298324,1,1
"Angle + ring, 4 qubits",angular,ring,4,4,50,0.6280963258194101,1,1
"Angle + ring, 4 qubits",angular,ring,4,4,51,-0.802472386645372,0,0
"Angle + ring, 4 qubits",angular,ring,4,4,52,0.2951263776164243,1,1
"Angle + ring, 4 qubits",angular,ring,4,4,53,0.2546521990809235,1,1
"Angle + ring, 4 qubits",angular,ring,4,4,54,0.5013212802901682,1,1
"Angle + ring, 4 qubits",angular,ring,4,4,55,0.5167353827915215,1,1
"Angle + ring, 4 qubits",angular,ring,4,4,56,-0.8126655271655254,0,0
"Angle + ring, 4 qubits",angular,ring,4,4,57,-0.4709837303881772,0,0
"Angle + ring, 4 qubits",angular,ring,4,4,58,-0.3503155570325303,0,0
"Angle + ring, 4 qubits",angular,ring,4,4,59,-0.3341081209276803,0,0
"Angle + ring, 4 qubits",angular,ring,4,4,60,-0.7183232762924601,0,0
"Angle + ring, 4 qubits",angular,ring,4,4,61,0.2333718457702313,1,1
"Angle + ring, 4 qubits",angular,ring,4,4,62,-0.8562890596484287,0,0
"Angle + ring, 4 qubits",angular,ring,4,4,63,0.4687077489199074,1,1
"Angle + ring, 4 qubits",angular,ring,4,4,64,0.4957574534368459,1,1
"Angle + ring, 4 qubits",angular,ring,4,4,65,-0.4041985769490268,0,0
"Angle + ring, 4 qubits",angular,ring,4,4,66,0.2613936851980362,1,1
"Angle + ring, 4 qubits",angular,ring,4,4,67,-0.7831509285531564,0,0
"Angle + ring, 4 qubits",angular,ring,4,4,68,0.3010804120774096,1,1
"Angle + ring, 4 qubits",angular,ring,4,4,69,-0.5272315585334291,0,0
"Angle + ring, 4 qubits",angular,ring,4,4,70,0.8378396140477271,1,1
"Angle + ring, 4 qubits",angular,ring,4,4,71,-0.9045059255312272,0,0
"Angle + ring, 4 qubits",angular,ring,4,4,72,0.3921440172756679,1,1
"Angle + ring, 4 qubits",angular,ring,4,4,73,-0.4979226385338793,0,0
"Angle + ring, 4 qubits",angular,ring,4,4,74,0.4141706640399661,1,1
"Angle + ring, 4 qubits",angular,ring,4,4,75,-0.5719165410168708,0,0
"Angle + ring, 4 qubits",angular,ring,4,4,76,-0.7014205028099948,0,0
"Angle + ring, 4 qubits",angular,ring,4,4,77,0.510143625479017,1,1
"Angle + ring, 4 qubits",angular,ring,4,4,78,0.4141706640399661,1,1
"Angle + ring, 4 qubits",angular,ring,4,4,79,0.4893966394138263,1,1
"Angle + ring, 4 qubits",angular,ring,4,4,80,0.3123396253264419,1,1
"Angle + ring, 4 qubits",angular,ring,4,4,81,-0.6356749257141296,0,0
"Angle + ring, 4 qubits",angular,ring,4,4,82,0.1764043010393598,1,1
"Angle + ring, 4 qubits",angular,ring,4,4,83,-0.4554738641845541,0,0
"Angle + ring, 4 qubits",angular,ring,4,4,84,-0.4351415247552835,0,0
"Angle + ring, 4 qubits",angular,ring,4,4,85,0.3958728627241483,1,1
"Angle + ring, 4 qubits",angular,ring,4,4,86,-0.6141230563328158,0,0
"Angle + ring, 4 qubits",angular,ring,4,4,87,0.4141706640399664,1,1
"Angle + ring, 4 qubits",angular,ring,4,4,88,0.4735402571433016,1,1
"Angle + ring, 4 qubits",angular,ring,4,4,89,-0.0437636015442424,1,0
"Angle + ring, 4 qubits",angular,ring,4,4,90,0.602906542701205,1,1
"Angle + ring, 4 qubits",angular,ring,4,4,91,-0.4351415247552835,0,0
"Angle + ring, 4 qubits",angular,ring,4,4,92,0.6699672019121647,1,1
"Angle + ring, 4 qubits",angular,ring,4,4,93,-0.8482395334465563,0,0
"Angle + ring, 4 qubits",angular,ring,4,4,94,0.5598283239042007,1,1
"Angle + ring, 4 qubits",angular,ring,4,4,95,-0.565112292438872,0,0
"Angle + ring, 4 qubits",angular,ring,4,4,96,0.489247241736036,1,1
"Angle + ring, 4 qubits",angular,ring,4,4,97,-0.495522769323265,0,0
"Angle + ring, 4 qubits",angular,ring,4,4,98,0.5959579346980663,1,1
"Angle + ring, 4 qubits",angular,ring,4,4,99,-0.7626523321038727,0,0
"Angle + ring, 6 qubits",angular,ring,6,0,0,0.2186528060035466,1,1
"Angle + ring, 6 qubits",angular,ring,6,0,1,-0.7622871223782457,0,0
"Angle + ring, 6 qubits",angular,ring,6,0,2,-0.5352204002353251,0,0
"Angle + ring, 6 qubits",angular,ring,6,0,3,-0.815750376415301,0,0
"Angle + ring, 6 qubits",angular,ring,6,0,4,0.5365221685016772,1,1
"Angle + ring, 6 qubits",angular,ring,6,0,5,-0.674362464529949,0,0
"Angle + ring, 6 qubits",angular,ring,6,0,6,-0.340693921533462,0,0
"Angle + ring, 6 qubits",angular,ring,6,0,7,-0.0505416024549467,1,0
"Angle + ring, 6 qubits",angular,ring,6,0,8,0.3336427276835469,1,1
"Angle + ring, 6 qubits",angular,ring,6,0,9,-0.6814564588400706,0,0
"Angle + ring, 6 qubits",angular,ring,6,0,10,0.3759796217398459,1,1
"Angle + ring, 6 qubits",angular,ring,6,0,11,0.3973485789741051,1,1
"Angle + ring, 6 qubits",angular,ring,6,0,12,-0.7374519625332019,0,0
"Angle + ring, 6 qubits",angular,ring,6,0,13,-0.5070695489538083,0,0
"Angle + ring, 6 qubits",angular,ring,6,0,14,-0.5125322978644007,0,0
"Angle + ring, 6 qubits",angular,ring,6,0,15,0.2123365366341208,1,1
"Angle + ring, 6 qubits",angular,ring,6,0,16,-0.017038656998951,1,0
"Angle + ring, 6 qubits",angular,ring,6,0,17,0.2818680591492125,1,1
"Angle + ring, 6 qubits",angular,ring,6,0,18,-0.7997264559371822,0,0
"Angle + ring, 6 qubits",angular,ring,6,0,19,-0.1932260781007129,1,0
"Angle + ring, 6 qubits",angular,ring,6,0,20,-0.6106589069334121,0,0
"Angle + ring, 6 qubits",angular,ring,6,0,21,-0.041142238474771,1,0
"Angle + ring, 6 qubits",angular,ring,6,0,22,-0.8645643891861948,0,0
"Angle + ring, 6 qubits",angular,ring,6,0,23,-0.5070695489538082,0,0
"Angle + ring, 6 qubits",angular,ring,6,0,24,0.1840493973125796,0,1
"Angle + ring, 6 qubits",angular,ring,6,0,25,-0.0391384766330987,1,0
"Angle + ring, 6 qubits",angular,ring,6,0,26,0.251927201047928,1,1
"Angle + ring, 6 qubits",angular,ring,6,0,27,-0.7181394543512667,0,0
"Angle + ring, 6 qubits",angular,ring,6,0,28,-0.5070695489538084,0,0
"Angle + ring, 6 qubits",angular,ring,6,0,29,-0.0636490932949597,1,0
"Angle + ring, 6 qubits",angular,ring,6,0,30,-0.7581022886672184,0,0
"Angle + ring, 6 qubits",angular,ring,6,0,31,-0.7448344605100196,0,0
"Angle + ring, 6 qubits",angular,ring,6,0,32,-0.1636832403327858,1,0
"Angle + ring, 6 qubits",angular,ring,6,0,33,-0.8889320139077771,0,0
"Angle + ring, 6 qubits",angular,ring,6,0,34,-0.3557438619409276,0,0
"Angle + ring, 6 qubits",angular,ring,6,0,35,0.1515645583940761,1,1
"Angle + ring, 6 qubits",angular,ring,6,0,36,0.1953435580239096,1,1
"Angle + ring, 6 qubits",angular,ring,6,0,37,0.4059367647700291,1,1
"Angle + ring, 6 qubits",angular,ring,6,0,38,-0.8366775956554835,0,0
"Angle + ring, 6 qubits",angular,ring,6,0,39,-0.5658055426871036,0,0
"Angle + ring, 6 qubits",angular,ring,6,0,40,0.264343190366509,1,1
"Angle + ring, 6 qubits",angular,ring,6,0,41,-0.7703212238296445,0,0
"Angle + ring, 6 qubits",angular,ring,6,0,42,-0.2265070601710099,0,0
"Angle + ring, 6 qubits",angular,ring,6,0,43,-0.2822379664695034,1,0
"Angle + ring, 6 qubits",angular,ring,6,0,44,0.0417118681992619,1,1
"Angle + ring, 6 qubits",angular,ring,6,0,45,0.0657651393145652,1,1
"Angle + ring, 6 qubits",angular,ring,6,0,46,-0.3089996990239734,1,0
"Angle + ring, 6 qubits",angular,ring,6,0,47,0.0742371084832809,0,1
"Angle + ring, 6 qubits",angular,ring,6,0,48,-0.3860782285198033,1,0
"Angle + ring, 6 qubits",angular,ring,6,0,49,-0.8322972033872802,0,0
"Angle + ring, 6 qubits",angular,ring,6,0,50,-0.2074082586529839,1,0
"Angle + ring, 6 qubits",angular,ring,6,0,51,-0.3746354675868607,0,0
"Angle + ring, 6 qubits",angular,ring,6,0,52,-0.7392090769421424,0,0
"Angle + ring, 6 qubits",angular,ring,6,0,53,0.1446723246666517,1,1
"Angle + ring, 6 qubits",angular,ring,6,0,54,0.2219335494969325,1,1
"Angle + ring, 6 qubits",angular,ring,6,0,55,-0.6094990347401497,0,0
"Angle + ring, 6 qubits",angular,ring,6,0,56,-0.8380893604132181,0,0
"Angle + ring, 6 qubits",angular,ring,6,0,57,-0.0455067258506129,1,0
"Angle + ring, 6 qubits",angular,ring,6,0,58,-0.5241636067311197,0,0
"Angle + ring, 6 qubits",angular,ring,6,0,59,-0.5862651988813764,0,0
"Angle + ring, 6 qubits",angular,ring,6,0,60,-0.1634373900076918,1,0
"Angle + ring, 6 qubits",angular,ring,6,0,61,0.2181717389402734,1,1
"Angle + ring, 6 qubits",angular,ring,6,0,62,-0.3562158381814252,1,0
"Angle + ring, 6 qubits",angular,ring,6,0,63,-0.5922071879619866,0,0
"Angle + ring, 6 qubits",angular,ring,6,0,64,0.4510653034720891,0,1
"Angle + ring, 6 qubits",angular,ring,6,0,65,-0.2325013811905267,1,0
"Angle + ring, 6 qubits",angular,ring,6,0,66,-0.6414023798142268,0,0
"Angle + ring, 6 qubits",angular,ring,6,0,67,0.1868723806799469,1,1
"Angle + ring, 6 qubits",angular,ring,6,0,68,-0.7570577106264352,0,0
"Angle + ring, 6 qubits",angular,ring,6,0,69,-0.5427411389583335,0,0
"Angle + ring, 6 qubits",angular,ring,6,0,70,-0.8215801643884759,0,0
"Angle + ring, 6 qubits",angular,ring,6,0,71,0.4092501610307326,1,1
"Angle + ring, 6 qubits",angular,ring,6,0,72,-0.0068117561203077,1,0
"Angle + ring, 6 qubits",angular,ring,6,0,73,0.1515771429004293,1,1
"Angle + ring, 6 qubits",angular,ring,6,0,74,-0.0041552483590222,1,0
"Angle + ring, 6 qubits",angular,ring,6,0,75,-0.8773642696093225,0,0
"Angle + ring, 6 qubits",angular,ring,6,0,76,-0.7694799524634894,0,0
"Angle + ring, 6 qubits",angular,ring,6,0,77,0.1901099229430246,1,1
"Angle + ring, 6 qubits",angular,ring,6,0,78,0.2973790482469987,1,1
"Angle + ring, 6 qubits",angular,ring,6,0,79,-0.8782567650639709,0,0
"Angle + ring, 6 qubits",angular,ring,6,0,80,-0.1640900931422747,1,0
"Angle + ring, 6 qubits",angular,ring,6,0,81,0.4341533521603364,1,1
"Angle + ring, 6 qubits",angular,ring,6,0,82,0.0051475984862339,0,1
"Angle + ring, 6 qubits",angular,ring,6,0,83,-0.7086015803603979,0,0
"Angle + ring, 6 qubits",angular,ring,6,0,84,-0.0271476719611885,1,0
"Angle + ring, 6 qubits",angular,ring,6,0,85,0.1578605537086189,1,1
"Angle + ring, 6 qubits",angular,ring,6,0,86,0.3784177483612172,1,1
"Angle + ring, 6 qubits",angular,ring,6,0,87,0.1373889564221834,1,1
"Angle + ring, 6 qubits",angular,ring,6,0,88,-0.809337838581926,0,0
"Angle + ring, 6 qubits",angular,ring,6,0,89,-0.5070695489538082,1,0
"Angle + ring, 6 qubits",angular,ring,6,0,90,-0.5303186515962928,0,0
"Angle + ring, 6 qubits",angular,ring,6,0,91,0.2389006372023065,1,1
"Angle + ring, 6 qubits",angular,ring,6,0,92,-0.5070695489538086,0,0
"Angle + ring, 6 qubits",angular,ring,6,0,93,0.2843241413341744,1,1
"Angle + ring, 6 qubits",angular,ring,6,0,94,-0.8045514182835141,0,0
"Angle + ring, 6 qubits",angular,ring,6,0,95,-0.6970230009127784,0,0
"Angle + ring, 6 qubits",angular,ring,6,0,96,-0.5070695489538081,0,0
"Angle + ring, 6 qubits",angular,ring,6,0,97,-0.0734367783441091,1,0
"Angle + ring, 6 qubits",angular,ring,6,0,98,0.0642696183140266,1,1
"Angle + ring, 6 qubits",angular,ring,6,0,99,0.1587352217295014,1,1
"Angle + ring, 6 qubits",angular,ring,6,1,0,0.1090566421884102,1,1
"Angle + ring, 6 qubits",angular,ring,6,1,1,-0.6457594871922133,0,0
"Angle + ring, 6 qubits",angular,ring,6,1,2,-0.6578023796235535,0,0
"Angle + ring, 6 qubits",angular,ring,6,1,3,-0.496406949988895,0,0
"Angle + ring, 6 qubits",angular,ring,6,1,4,-0.4254621507452517,0,0
"Angle + ring, 6 qubits",angular,ring,6,1,5,-0.2344328282005456,1,0
"Angle + ring, 6 qubits",angular,ring,6,1,6,-0.6676908459108382,0,0
"Angle + ring, 6 qubits",angular,ring,6,1,7,-0.0184424363088988,1,0
"Angle + ring, 6 qubits",angular,ring,6,1,8,0.2103843548999648,1,1
"Angle + ring, 6 qubits",angular,ring,6,1,9,-0.7676037334751911,0,0
"Angle + ring, 6 qubits",angular,ring,6,1,10,-0.2223792056488468,0,0
"Angle + ring, 6 qubits",angular,ring,6,1,11,0.4139623989906224,1,1
"Angle + ring, 6 qubits",angular,ring,6,1,12,-0.1317982837684702,1,0
"Angle + ring, 6 qubits",angular,ring,6,1,13,0.0897404995343161,1,1
"Angle + ring, 6 qubits",angular,ring,6,1,14,-0.5131330805272138,0,0
"Angle + ring, 6 qubits",angular,ring,6,1,15,-0.4941277124820845,0,0
"Angle + ring, 6 qubits",angular,ring,6,1,16,0.1795404612107947,1,1
"Angle + ring, 6 qubits",angular,ring,6,1,17,0.4537802714726935,1,1
"Angle + ring, 6 qubits",angular,ring,6,1,18,-0.4964069499888947,0,0
"Angle + ring, 6 qubits",angular,ring,6,1,19,0.458126283230592,1,1
"Angle + ring, 6 qubits",angular,ring,6,1,20,-0.4381379253467139,0,0
"Angle + ring, 6 qubits",angular,ring,6,1,21,-0.4754280142505531,0,0
"Angle + ring, 6 qubits",angular,ring,6,1,22,-0.3413675203850942,1,0
"Angle + ring, 6 qubits",angular,ring,6,1,23,-0.5059244710409588,0,0
"Angle + ring, 6 qubits",angular,ring,6,1,24,0.4477093232943744,1,1
"Angle + ring, 6 qubits",angular,ring,6,1,25,-0.7445217502753931,0,0
"Angle + ring, 6 qubits",angular,ring,6,1,26,0.019167227396894,1,1
"Angle + ring, 6 qubits",angular,ring,6,1,27,0.0811102481955461,1,1
"Angle + ring, 6 qubits",angular,ring,6,1,28,0.0689935840277867,1,1
"Angle + ring, 6 qubits",angular,ring,6,1,29,0.182900900428232,1,1
"Angle + ring, 6 qubits",angular,ring,6,1,30,-0.4433802159758009,0,0
"Angle + ring, 6 qubits",angular,ring,6,1,31,0.1232753621813934,1,1
"Angle + ring, 6 qubits",angular,ring,6,1,32,-0.500753640804418,0,0
"Angle + ring, 6 qubits",angular,ring,6,1,33,-0.6702378117599304,0,0
"Angle + ring, 6 qubits",angular,ring,6,1,34,-0.7128309537608578,0,0
"Angle + ring, 6 qubits",angular,ring,6,1,35,-0.496406949988895,0,0
"Angle + ring, 6 qubits",angular,ring,6,1,36,-0.4878807517584403,0,0
"Angle + ring, 6 qubits",angular,ring,6,1,37,0.2235829097300766,1,1
"Angle + ring, 6 qubits",angular,ring,6,1,38,0.2176855416803882,1,1
"Angle + ring, 6 qubits",angular,ring,6,1,39,0.1378967620659832,1,1
"Angle + ring, 6 qubits",angular,ring,6,1,40,-0.5517439620290726,0,0
"Angle + ring, 6 qubits",angular,ring,6,1,41,-0.35189782928385,1,0
"Angle + ring, 6 qubits",angular,ring,6,1,42,-0.28622743173047,0,0
"Angle + ring, 6 qubits",angular,ring,6,1,43,-0.529801471396411,0,0
"Angle + ring, 6 qubits",angular,ring,6,1,44,0.3534708366470319,1,1
"Angle + ring, 6 qubits",angular,ring,6,1,45,-0.3094301495463205,0,0
"Angle + ring, 6 qubits",angular,ring,6,1,46,-0.1589843161328911,1,0
"Angle + ring, 6 qubits",angular,ring,6,1,47,-0.6697807764956163,0,0
"Angle + ring, 6 qubits",angular,ring,6,1,48,0.2427126510981093,1,1
"Angle + ring, 6 qubits",angular,ring,6,1,49,-0.3281755609624478,1,0
"Angle + ring, 6 qubits",angular,ring,6,1,50,-0.2143722667057315,0,0
"Angle + ring, 6 qubits",angular,ring,6,1,51,-0.3569944891174765,1,0
"Angle + ring, 6 qubits",angular,ring,6,1,52,0.2952105666229415,1,1
"Angle + ring, 6 qubits",angular,ring,6,1,53,-0.5241224489568372,0,0
"Angle + ring, 6 qubits",angular,ring,6,1,54,-0.4964069499888945,1,0
"Angle + ring, 6 qubits",angular,ring,6,1,55,-0.7460095659438928,0,0
"Angle + ring, 6 qubits",angular,ring,6,1,56,0.1858655704525598,1,1
"Angle + ring, 6 qubits",angular,ring,6,1,57,-0.7179451265301564,0,0
"Angle + ring, 6 qubits",angular,ring,6,1,58,-0.0355548248946793,1,0
"Angle + ring, 6 qubits",angular,ring,6,1,59,-0.6194037864856627,0,0
"Angle + ring, 6 qubits",angular,ring,6,1,60,0.1488314100162613,1,1
"Angle + ring, 6 qubits",angular,ring,6,1,61,0.3978083984732389,1,1
"Angle + ring, 6 qubits",angular,ring,6,1,62,0.1501354581488276,1,1
"Angle + ring, 6 qubits",angular,ring,6,1,63,-0.4458390640652726,0,0
"Angle + ring, 6 qubits",angular,ring,6,1,64,-0.5027020257404458,0,0
"Angle + ring, 6 qubits",angular,ring,6,1,65,0.2925863080988474,1,1
"Angle + ring, 6 qubits",angular,ring,6,1,66,0.0600959762992415,1,1
"Angle + ring, 6 qubits",angular,ring,6,1,67,-0.1942629918892302,1,0
"Angle + ring, 6 qubits",angular,ring,6,1,68,0.4537802714726935,1,1
"Angle + ring, 6 qubits",angular,ring,6,1,69,-0.6521054227904121,0,0
"Angle + ring, 6 qubits",angular,ring,6,1,70,-0.5034693224855048,0,0
"Angle + ring, 6 qubits",angular,ring,6,1,71,0.043497555657179,1,1
"Angle + ring, 6 qubits",angular,ring,6,1,72,0.1037603931433614,1,1
"Angle + ring, 6 qubits",angular,ring,6,1,73,0.1957675073553297,1,1
"Angle + ring, 6 qubits",angular,ring,6,1,74,-0.2843686300869009,0,0
"Angle + ring, 6 qubits",angular,ring,6,1,75,0.4668460602592066,1,1
"Angle + ring, 6 qubits",angular,ring,6,1,76,-0.214860443153981,0,0
"Angle + ring, 6 qubits",angular,ring,6,1,77,-0.1964925466614969,0,0
"Angle + ring, 6 qubits",angular,ring,6,1,78,-0.174713710683953,1,0
"Angle + ring, 6 qubits",angular,ring,6,1,79,-0.5229187391401842,0,0
"Angle + ring, 6 qubits",angular,ring,6,1,80,0.2996493161310053,1,1
"Angle + ring, 6 qubits",angular,ring,6,1,81,0.1150267166571646,1,1
"Angle + ring, 6 qubits",angular,ring,6,1,82,0.1519750622461191,1,1
"Angle + ring, 6 qubits",angular,ring,6,1,83,-0.2602497968216524,1,0
"Angle + ring, 6 qubits",angular,ring,6,1,84,-0.3650996445694027,0,0
"Angle + ring, 6 qubits",angular,ring,6,1,85,-0.1162417225328842,0,0
"Angle + ring, 6 qubits",angular,ring,6,1,86,0.4052473273359445,1,1
"Angle + ring, 6 qubits",angular,ring,6,1,87,0.169875344499558,1,1
"Angle + ring, 6 qubits",angular,ring,6,1,88,0.1505932207396317,1,1
"Angle + ring, 6 qubits",angular,ring,6,1,89,-0.6190599048370156,0,0
"Angle + ring, 6 qubits",angular,ring,6,1,90,-0.5892804382061143,0,0
"Angle + ring, 6 qubits",angular,ring,6,1,91,-0.4997522798636429,0,0
"Angle + ring, 6 qubits",angular,ring,6,1,92,0.4537802714726935,1,1
"Angle + ring, 6 qubits",angular,ring,6,1,93,-0.505924471040959,0,0
"Angle + ring, 6 qubits",angular,ring,6,1,94,-0.6464939158251054,0,0
"Angle + ring, 6 qubits",angular,ring,6,1,95,0.0758950175709032,0,1
"Angle + ring, 6 qubits",angular,ring,6,1,96,-0.4964069499888952,0,0
"Angle + ring, 6 qubits",angular,ring,6,1,97,-0.720288192679864,0,0
"Angle + ring, 6 qubits",angular,ring,6,1,98,-0.6232123119090086,0,0
"Angle + ring, 6 qubits",angular,ring,6,1,99,0.4747616077822014,1,1
"Angle + ring, 6 qubits",angular,ring,6,2,0,-0.0677155775268477,1,0
"Angle + ring, 6 qubits",angular,ring,6,2,1,-0.4726180644199401,0,0
"Angle + ring, 6 qubits",angular,ring,6,2,2,-0.7670191494684762,0,0
"Angle + ring, 6 qubits",angular,ring,6,2,3,-0.5873464248292535,0,0
"Angle + ring, 6 qubits",angular,ring,6,2,4,0.5359498822849749,1,1
"Angle + ring, 6 qubits",angular,ring,6,2,5,-0.0184071661042817,1,0
"Angle + ring, 6 qubits",angular,ring,6,2,6,-0.7406777222211482,0,0
"Angle + ring, 6 qubits",angular,ring,6,2,7,0.1684935410656715,1,1
"Angle + ring, 6 qubits",angular,ring,6,2,8,-0.2926517561830979,0,0
"Angle + ring, 6 qubits",angular,ring,6,2,9,-0.8074332150833738,0,0
"Angle + ring, 6 qubits",angular,ring,6,2,10,-0.7741742742816999,0,0
"Angle + ring, 6 qubits",angular,ring,6,2,11,0.0820063133037473,1,1
"Angle + ring, 6 qubits",angular,ring,6,2,12,-0.4053048743465326,0,0
"Angle + ring, 6 qubits",angular,ring,6,2,13,-0.7097701151616167,0,0
"Angle + ring, 6 qubits",angular,ring,6,2,14,0.5242317575004525,1,1
"Angle + ring, 6 qubits",angular,ring,6,2,15,0.5614361096360161,1,1
"Angle + ring, 6 qubits",angular,ring,6,2,16,-0.8174199182403201,0,0
"Angle + ring, 6 qubits",angular,ring,6,2,17,0.3292056540688766,1,1
"Angle + ring, 6 qubits",angular,ring,6,2,18,-0.7966560626824097,0,0
"Angle + ring, 6 qubits",angular,ring,6,2,19,-0.6655385372635949,0,0
"Angle + ring, 6 qubits",angular,ring,6,2,20,-0.2899205947996305,1,0
"Angle + ring, 6 qubits",angular,ring,6,2,21,0.3601160978424903,1,1
"Angle + ring, 6 qubits",angular,ring,6,2,22,-0.5873464248292535,0,0
"Angle + ring, 6 qubits",angular,ring,6,2,23,0.3432316501700538,1,1
"Angle + ring, 6 qubits",angular,ring,6,2,24,-0.2210579614498043,1,0
"Angle + ring, 6 qubits",angular,ring,6,2,25,-0.8044456718175381,0,0
"Angle + ring, 6 qubits",angular,ring,6,2,26,0.2097314477274233,1,1
"Angle + ring, 6 qubits",angular,ring,6,2,27,-0.6024464437965898,0,0
"Angle + ring, 6 qubits",angular,ring,6,2,28,-0.4999448305755382,0,0
"Angle + ring, 6 qubits",angular,ring,6,2,29,-0.2395196073796525,1,0
"Angle + ring, 6 qubits",angular,ring,6,2,30,-0.5180975325841,0,0
"Angle + ring, 6 qubits",angular,ring,6,2,31,-0.7003770881834062,0,0
"Angle + ring, 6 qubits",angular,ring,6,2,32,0.1269630073904906,1,1
"Angle + ring, 6 qubits",angular,ring,6,2,33,0.4755653376766608,1,1
"Angle + ring, 6 qubits",angular,ring,6,2,34,-0.608578806679691,0,0
"Angle + ring, 6 qubits",angular,ring,6,2,35,-0.6998512001906197,0,0
"Angle + ring, 6 qubits",angular,ring,6,2,36,-0.161081824932679,1,0
"Angle + ring, 6 qubits",angular,ring,6,2,37,0.4193617837266548,1,1
"Angle + ring, 6 qubits",angular,ring,6,2,38,-0.2573209082307213,1,0
"Angle + ring, 6 qubits",angular,ring,6,2,39,-0.8042358045573632,0,0
"Angle + ring, 6 qubits",angular,ring,6,2,40,-0.7190407409986118,0,0
"Angle + ring, 6 qubits",angular,ring,6,2,41,0.2480419309795977,1,1
"Angle + ring, 6 qubits",angular,ring,6,2,42,-0.8146758950755143,0,0
"Angle + ring, 6 qubits",angular,ring,6,2,43,0.0268582044674048,1,1
"Angle + ring, 6 qubits",angular,ring,6,2,44,0.5439575113757269,1,1
"Angle + ring, 6 qubits",angular,ring,6,2,45,-0.5873464248292535,1,0
"Angle + ring, 6 qubits",angular,ring,6,2,46,0.2347633657164314,1,1
"Angle + ring, 6 qubits",angular,ring,6,2,47,-0.1652103457491758,0,0
"Angle + ring, 6 qubits",angular,ring,6,2,48,-0.610823227422816,0,0
"Angle + ring, 6 qubits",angular,ring,6,2,49,-0.2316719973558039,0,0
"Angle + ring, 6 qubits",angular,ring,6,2,50,-0.6123598974502169,0,0
"Angle + ring, 6 qubits",angular,ring,6,2,51,-0.7890166668827826,0,0
"Angle + ring, 6 qubits",angular,ring,6,2,52,-0.2021841926711054,1,0
"Angle + ring, 6 qubits",angular,ring,6,2,53,0.7012209258642678,1,1
"Angle + ring, 6 qubits",angular,ring,6,2,54,0.6353104839537823,1,1
"Angle + ring, 6 qubits",angular,ring,6,2,55,0.2519962249718941,1,1
"Angle + ring, 6 qubits",angular,ring,6,2,56,-0.7930943204564862,0,0
"Angle + ring, 6 qubits",angular,ring,6,2,57,-0.1423105141838759,0,0
"Angle + ring, 6 qubits",angular,ring,6,2,58,0.2168997767943535,1,1
"Angle + ring, 6 qubits",angular,ring,6,2,59,-0.5873464248292535,0,0
"Angle + ring, 6 qubits",angular,ring,6,2,60,0.6758984068198357,1,1
"Angle + ring, 6 qubits",angular,ring,6,2,61,-0.6418001629393384,0,0
"Angle + ring, 6 qubits",angular,ring,6,2,62,0.5147160302641933,1,1
"Angle + ring, 6 qubits",angular,ring,6,2,63,0.135608279079025,1,1
"Angle + ring, 6 qubits",angular,ring,6,2,64,0.2803570477180527,1,1
"Angle + ring, 6 qubits",angular,ring,6,2,65,-0.3622115995105826,0,0
"Angle + ring, 6 qubits",angular,ring,6,2,66,0.2158998558043461,1,1
"Angle + ring, 6 qubits",angular,ring,6,2,67,-0.2755485730164507,0,0
"Angle + ring, 6 qubits",angular,ring,6,2,68,-0.1729136741324831,1,0
"Angle + ring, 6 qubits",angular,ring,6,2,69,-0.7538894091486872,0,0
"Angle + ring, 6 qubits",angular,ring,6,2,70,-0.810315182684585,0,0
"Angle + ring, 6 qubits",angular,ring,6,2,71,-0.7270350032637773,0,0
"Angle + ring, 6 qubits",angular,ring,6,2,72,-0.587346424829253,0,0
"Angle + ring, 6 qubits",angular,ring,6,2,73,-0.7000877829067252,0,0
"Angle + ring, 6 qubits",angular,ring,6,2,74,-0.5873464248292533,1,0
"Angle + ring, 6 qubits",angular,ring,6,2,75,-0.6566705636987407,0,0
"Angle + ring, 6 qubits",angular,ring,6,2,76,0.5429989920437103,1,1
"Angle + ring, 6 qubits",angular,ring,6,2,77,-0.8087975417638087,0,0
"Angle + ring, 6 qubits",angular,ring,6,2,78,0.2185934279786797,1,1
"Angle + ring, 6 qubits",angular,ring,6,2,79,-0.726068816331589,0,0
"Angle + ring, 6 qubits",angular,ring,6,2,80,0.5362003995495871,1,1
"Angle + ring, 6 qubits",angular,ring,6,2,81,-0.4081695758278955,0,0
"Angle + ring, 6 qubits",angular,ring,6,2,82,0.5717448679931407,1,1
"Angle + ring, 6 qubits",angular,ring,6,2,83,-0.0322337947783681,1,0
"Angle + ring, 6 qubits",angular,ring,6,2,84,0.2622778109124767,1,1
"Angle + ring, 6 qubits",angular,ring,6,2,85,0.3438394608091693,1,1
"Angle + ring, 6 qubits",angular,ring,6,2,86,-0.4754281043415806,0,0
"Angle + ring, 6 qubits",angular,ring,6,2,87,0.2755076100901372,1,1
"Angle + ring, 6 qubits",angular,ring,6,2,88,-0.7280239923029829,0,0
"Angle + ring, 6 qubits",angular,ring,6,2,89,-0.7581852504056501,0,0
"Angle + ring, 6 qubits",angular,ring,6,2,90,0.2101761729943561,1,1
"Angle + ring, 6 qubits",angular,ring,6,2,91,-0.149996855023572,1,0
"Angle + ring, 6 qubits",angular,ring,6,2,92,0.2383676295818116,1,1
"Angle + ring, 6 qubits",angular,ring,6,2,93,-0.0589002470616695,1,0
"Angle + ring, 6 qubits",angular,ring,6,2,94,0.0711103278303327,1,1
"Angle + ring, 6 qubits",angular,ring,6,2,95,-0.5598424841446147,1,0
"Angle + ring, 6 qubits",angular,ring,6,2,96,-0.6145361473712403,0,0
"Angle + ring, 6 qubits",angular,ring,6,2,97,0.0157062249356008,1,1
"Angle + ring, 6 qubits",angular,ring,6,2,98,-0.7194801634983081,0,0
"Angle + ring, 6 qubits",angular,ring,6,2,99,-0.7531884391270414,0,0
"Angle + ring, 6 qubits",angular,ring,6,3,0,-0.1339660533943303,1,0
"Angle + ring, 6 qubits",angular,ring,6,3,1,0.4962203661509408,1,1
"Angle + ring, 6 qubits",angular,ring,6,3,2,0.6438347983856842,1,1
"Angle + ring, 6 qubits",angular,ring,6,3,3,-0.6240923646457279,0,0
"Angle + ring, 6 qubits",angular,ring,6,3,4,0.122245527958088,0,1
"Angle + ring, 6 qubits",angular,ring,6,3,5,-0.1024104960276838,1,0
"Angle + ring, 6 qubits",angular,ring,6,3,6,-0.6621830963483328,0,0
"Angle + ring, 6 qubits",angular,ring,6,3,7,-0.0433953000006973,1,0
"Angle + ring, 6 qubits",angular,ring,6,3,8,0.1627195151215602,1,1
"Angle + ring, 6 qubits",angular,ring,6,3,9,-0.6240923646457279,1,0
"Angle + ring, 6 qubits",angular,ring,6,3,10,0.237160116364784,1,1
"Angle + ring, 6 qubits",angular,ring,6,3,11,0.2956926636881926,1,1
"Angle + ring, 6 qubits",angular,ring,6,3,12,-0.8426824336445758,0,0
"Angle + ring, 6 qubits",angular,ring,6,3,13,-0.3445537695041178,0,0
"Angle + ring, 6 qubits",angular,ring,6,3,14,-0.624092364645728,0,0
"Angle + ring, 6 qubits",angular,ring,6,3,15,-0.2071909147380497,1,0
"Angle + ring, 6 qubits",angular,ring,6,3,16,0.2646411975923411,1,1
"Angle + ring, 6 qubits",angular,ring,6,3,17,-0.6240923646457277,1,0
"Angle + ring, 6 qubits",angular,ring,6,3,18,-0.5947738654065924,0,0
"Angle + ring, 6 qubits",angular,ring,6,3,19,0.0206930774126932,1,1
"Angle + ring, 6 qubits",angular,ring,6,3,20,-0.6322588907872151,0,0
"Angle + ring, 6 qubits",angular,ring,6,3,21,-0.4992445679469607,0,0
"Angle + ring, 6 qubits",angular,ring,6,3,22,0.4130572692338646,1,1
"Angle + ring, 6 qubits",angular,ring,6,3,23,-0.8009646700457288,0,0
"Angle + ring, 6 qubits",angular,ring,6,3,24,-0.567726438477053,0,0
"Angle + ring, 6 qubits",angular,ring,6,3,25,-0.6705697508508217,0,0
"Angle + ring, 6 qubits",angular,ring,6,3,26,-0.8032789841190997,0,0
"Angle + ring, 6 qubits",angular,ring,6,3,27,-0.3269186828390182,1,0
"Angle + ring, 6 qubits",angular,ring,6,3,28,0.1964444839051405,0,1
"Angle + ring, 6 qubits",angular,ring,6,3,29,-0.3773844778330514,0,0
"Angle + ring, 6 qubits",angular,ring,6,3,30,-0.581387998051313,0,0
"Angle + ring, 6 qubits",angular,ring,6,3,31,-0.0070830948109434,1,0
"Angle + ring, 6 qubits",angular,ring,6,3,32,0.2371601163647838,1,1
"Angle + ring, 6 qubits",angular,ring,6,3,33,0.089624032583539,1,1
"Angle + ring, 6 qubits",angular,ring,6,3,34,-0.7282804378045646,0,0
"Angle + ring, 6 qubits",angular,ring,6,3,35,-0.7171172012949563,0,0
"Angle + ring, 6 qubits",angular,ring,6,3,36,-0.5839998837053819,0,0
"Angle + ring, 6 qubits",angular,ring,6,3,37,0.7575016928057934,1,1
"Angle + ring, 6 qubits",angular,ring,6,3,38,0.0001484906290047,1,1
"Angle + ring, 6 qubits",angular,ring,6,3,39,0.0841909814664191,1,1
"Angle + ring, 6 qubits",angular,ring,6,3,40,-0.7484796295981652,0,0
"Angle + ring, 6 qubits",angular,ring,6,3,41,0.299715964958726,1,1
"Angle + ring, 6 qubits",angular,ring,6,3,42,-0.5209778603891517,0,0
"Angle + ring, 6 qubits",angular,ring,6,3,43,-0.1247094233352228,1,0
"Angle + ring, 6 qubits",angular,ring,6,3,44,-0.2065307626889491,1,0
"Angle + ring, 6 qubits",angular,ring,6,3,45,-0.5443350271767169,0,0
"Angle + ring, 6 qubits",angular,ring,6,3,46,-0.8662452799211464,0,0
"Angle + ring, 6 qubits",angular,ring,6,3,47,0.5896024393526963,1,1
"Angle + ring, 6 qubits",angular,ring,6,3,48,0.3671758005478811,1,1
"Angle + ring, 6 qubits",angular,ring,6,3,49,-0.7707985813046725,0,0
"Angle + ring, 6 qubits",angular,ring,6,3,50,-0.1769664828936145,1,0
"Angle + ring, 6 qubits",angular,ring,6,3,51,0.4700569503922338,1,1
"Angle + ring, 6 qubits",angular,ring,6,3,52,-0.177534838843423,1,0
"Angle + ring, 6 qubits",angular,ring,6,3,53,0.3996260917118581,1,1
"Angle + ring, 6 qubits",angular,ring,6,3,54,-0.7173778094546882,0,0
"Angle + ring, 6 qubits",angular,ring,6,3,55,-0.6794356885335245,0,0
"Angle + ring, 6 qubits",angular,ring,6,3,56,-0.869082707768774,0,0
"Angle + ring, 6 qubits",angular,ring,6,3,57,-0.1945880822654024,1,0
"Angle + ring, 6 qubits",angular,ring,6,3,58,-0.7286772777899642,0,0
"Angle + ring, 6 qubits",angular,ring,6,3,59,0.07733212436028,1,1
"Angle + ring, 6 qubits",angular,ring,6,3,60,0.7457591941712806,1,1
"Angle + ring, 6 qubits",angular,ring,6,3,61,-0.8018821578227785,0,0
"Angle + ring, 6 qubits",angular,ring,6,3,62,-0.6240923646457283,0,0
"Angle + ring, 6 qubits",angular,ring,6,3,63,-0.0230484193237748,1,0
"Angle + ring, 6 qubits",angular,ring,6,3,64,0.2643536510864982,1,1
"Angle + ring, 6 qubits",angular,ring,6,3,65,-0.8427419933615423,0,0
"Angle + ring, 6 qubits",angular,ring,6,3,66,0.0492881533136175,1,1
"Angle + ring, 6 qubits",angular,ring,6,3,67,-0.8397812546519088,0,0
"Angle + ring, 6 qubits",angular,ring,6,3,68,-0.7396776242216827,0,0
"Angle + ring, 6 qubits",angular,ring,6,3,69,-0.4046819713588084,1,0
"Angle + ring, 6 qubits",angular,ring,6,3,70,-0.6240923646457281,0,0
"Angle + ring, 6 qubits",angular,ring,6,3,71,-0.7981757152009137,0,0
"Angle + ring, 6 qubits",angular,ring,6,3,72,0.2308593627222501,1,1
"Angle + ring, 6 qubits",angular,ring,6,3,73,-0.6559218937034542,0,0
"Angle + ring, 6 qubits",angular,ring,6,3,74,-0.775786762359002,0,0
"Angle + ring, 6 qubits",angular,ring,6,3,75,-0.3773619831577259,1,0
"Angle + ring, 6 qubits",angular,ring,6,3,76,-0.7387733882975371,0,0
"Angle + ring, 6 qubits",angular,ring,6,3,77,-0.4500867828724606,0,0
"Angle + ring, 6 qubits",angular,ring,6,3,78,-0.1790080084617831,0,0
"Angle + ring, 6 qubits",angular,ring,6,3,79,-0.7480344082379328,0,0
"Angle + ring, 6 qubits",angular,ring,6,3,80,0.3739685163780137,1,1
"Angle + ring, 6 qubits",angular,ring,6,3,81,-0.7953293827182554,0,0
"Angle + ring, 6 qubits",angular,ring,6,3,82,0.4193219899133013,1,1
"Angle + ring, 6 qubits",angular,ring,6,3,83,-0.7625628163407098,0,0
"Angle + ring, 6 qubits",angular,ring,6,3,84,0.2371601163647838,1,1
"Angle + ring, 6 qubits",angular,ring,6,3,85,0.1725874942667256,1,1
"Angle + ring, 6 qubits",angular,ring,6,3,86,-0.7755229690344766,0,0
"Angle + ring, 6 qubits",angular,ring,6,3,87,-0.6240923646457284,0,0
"Angle + ring, 6 qubits",angular,ring,6,3,88,-0.22516350467661,1,0
"Angle + ring, 6 qubits",angular,ring,6,3,89,0.2832236854777437,1,1
"Angle + ring, 6 qubits",angular,ring,6,3,90,-0.254715336360599,0,0
"Angle + ring, 6 qubits",angular,ring,6,3,91,-0.2971555580867067,1,0
"Angle + ring, 6 qubits",angular,ring,6,3,92,-0.7556266211135957,0,0
"Angle + ring, 6 qubits",angular,ring,6,3,93,0.2743285061813668,1,1
"Angle + ring, 6 qubits",angular,ring,6,3,94,0.3599085799132268,1,1
"Angle + ring, 6 qubits",angular,ring,6,3,95,-0.2432640986604624,1,0
"Angle + ring, 6 qubits",angular,ring,6,3,96,0.5686278496230273,1,1
"Angle + ring, 6 qubits",angular,ring,6,3,97,-0.6240923646457279,0,0
"Angle + ring, 6 qubits",angular,ring,6,3,98,-0.4416508004833896,0,0
"Angle + ring, 6 qubits",angular,ring,6,3,99,0.2072315464843112,1,1
"Angle + ring, 6 qubits",angular,ring,6,4,0,0.0209107401489231,1,1
"Angle + ring, 6 qubits",angular,ring,6,4,1,-0.4685705839787111,1,0
"Angle + ring, 6 qubits",angular,ring,6,4,2,-0.0051851375857502,1,0
"Angle + ring, 6 qubits",angular,ring,6,4,3,0.0463259279653875,1,1
"Angle + ring, 6 qubits",angular,ring,6,4,4,-0.097062652955421,1,0
"Angle + ring, 6 qubits",angular,ring,6,4,5,-0.4884770932991694,0,0
"Angle + ring, 6 qubits",angular,ring,6,4,6,-0.3446715195403351,0,0
"Angle + ring, 6 qubits",angular,ring,6,4,7,-0.4249809487164034,0,0
"Angle + ring, 6 qubits",angular,ring,6,4,8,-0.4691519595438745,0,0
"Angle + ring, 6 qubits",angular,ring,6,4,9,0.4554933637588522,1,1
"Angle + ring, 6 qubits",angular,ring,6,4,10,-0.2827856352903086,1,0
"Angle + ring, 6 qubits",angular,ring,6,4,11,0.0551484590685842,1,1
"Angle + ring, 6 qubits",angular,ring,6,4,12,-0.5957272995816494,0,0
"Angle + ring, 6 qubits",angular,ring,6,4,13,-0.2047221374430914,0,0
"Angle + ring, 6 qubits",angular,ring,6,4,14,-0.0231276664434442,1,0
"Angle + ring, 6 qubits",angular,ring,6,4,15,-0.4399503356088936,0,0
"Angle + ring, 6 qubits",angular,ring,6,4,16,-0.3574841864391744,0,0
"Angle + ring, 6 qubits",angular,ring,6,4,17,-0.1506868548033905,0,0
"Angle + ring, 6 qubits",angular,ring,6,4,18,0.4766424792504989,1,1
"Angle + ring, 6 qubits",angular,ring,6,4,19,0.022974240797289,1,1
"Angle + ring, 6 qubits",angular,ring,6,4,20,-0.0301716061327089,0,0
"Angle + ring, 6 qubits",angular,ring,6,4,21,-0.3577223702819421,1,0
"Angle + ring, 6 qubits",angular,ring,6,4,22,0.1769960176411626,1,1
"Angle + ring, 6 qubits",angular,ring,6,4,23,-0.4685705839787106,0,0
"Angle + ring, 6 qubits",angular,ring,6,4,24,-0.2732446783856394,1,0
"Angle + ring, 6 qubits",angular,ring,6,4,25,-0.523398629618683,0,0
"Angle + ring, 6 qubits",angular,ring,6,4,26,0.1557355404210449,1,1
"Angle + ring, 6 qubits",angular,ring,6,4,27,-0.2887169649596593,0,0
"Angle + ring, 6 qubits",angular,ring,6,4,28,-0.4623405717420643,0,0
"Angle + ring, 6 qubits",angular,ring,6,4,29,0.0541465140157524,1,1
"Angle + ring, 6 qubits",angular,ring,6,4,30,-0.6061447330825576,0,0
"Angle + ring, 6 qubits",angular,ring,6,4,31,-0.4378559059374896,0,0
"Angle + ring, 6 qubits",angular,ring,6,4,32,-0.5551687965597396,0,0
"Angle + ring, 6 qubits",angular,ring,6,4,33,-0.2663254086850541,1,0
"Angle + ring, 6 qubits",angular,ring,6,4,34,0.0850477601255752,1,1
"Angle + ring, 6 qubits",angular,ring,6,4,35,-0.2440433921927275,1,0
"Angle + ring, 6 qubits",angular,ring,6,4,36,-0.6295818785123882,0,0
"Angle + ring, 6 qubits",angular,ring,6,4,37,-0.6027730649495358,0,0
"Angle + ring, 6 qubits",angular,ring,6,4,38,-0.5854010312030902,0,0
"Angle + ring, 6 qubits",angular,ring,6,4,39,-0.0557479147557338,1,0
"Angle + ring, 6 qubits",angular,ring,6,4,40,-0.468570583978711,1,0
"Angle + ring, 6 qubits",angular,ring,6,4,41,-0.6239381189940152,0,0
"Angle + ring, 6 qubits",angular,ring,6,4,42,-0.5116102421988624,0,0
"Angle + ring, 6 qubits",angular,ring,6,4,43,-0.1218061393054329,0,0
"Angle + ring, 6 qubits",angular,ring,6,4,44,-0.668492354703486,0,0
"Angle + ring, 6 qubits",angular,ring,6,4,45,-0.4685705839787109,1,0
"Angle + ring, 6 qubits",angular,ring,6,4,46,-0.0213137393299119,0,0
"Angle + ring, 6 qubits",angular,ring,6,4,47,-0.7661983967326162,0,0
"Angle + ring, 6 qubits",angular,ring,6,4,48,-0.2821004403224567,1,0
"Angle + ring, 6 qubits",angular,ring,6,4,49,-0.0209018827614968,1,0
"Angle + ring, 6 qubits",angular,ring,6,4,50,0.0053690800408328,1,1
"Angle + ring, 6 qubits",angular,ring,6,4,51,-0.6127678683768765,0,0
"Angle + ring, 6 qubits",angular,ring,6,4,52,0.5090540476120813,1,1
"Angle + ring, 6 qubits",angular,ring,6,4,53,0.4691168573932676,1,1
"Angle + ring, 6 qubits",angular,ring,6,4,54,0.2201578190923908,1,1
"Angle + ring, 6 qubits",angular,ring,6,4,55,0.1543108083368826,1,1
"Angle + ring, 6 qubits",angular,ring,6,4,56,-0.6494664374726731,0,0
"Angle + ring, 6 qubits",angular,ring,6,4,57,-0.5263005149593385,0,0
"Angle + ring, 6 qubits",angular,ring,6,4,58,-0.1877189789228734,0,0
"Angle + ring, 6 qubits",angular,ring,6,4,59,-0.6511963431675462,0,0
"Angle + ring, 6 qubits",angular,ring,6,4,60,-0.6026372830733068,0,0
"Angle + ring, 6 qubits",angular,ring,6,4,61,-0.2524190950198276,1,0
"Angle + ring, 6 qubits",angular,ring,6,4,62,-0.5933683054653769,0,0
"Angle + ring, 6 qubits",angular,ring,6,4,63,0.3260140212116449,1,1
"Angle + ring, 6 qubits",angular,ring,6,4,64,-0.0048661001834716,1,0
"Angle + ring, 6 qubits",angular,ring,6,4,65,-0.1256219589048114,0,0
"Angle + ring, 6 qubits",angular,ring,6,4,66,0.2475343185885012,1,1
"Angle + ring, 6 qubits",angular,ring,6,4,67,-0.6079348312767496,0,0
"Angle + ring, 6 qubits",angular,ring,6,4,68,0.3154103655048106,1,1
"Angle + ring, 6 qubits",angular,ring,6,4,69,-0.54084910473233,0,0
"Angle + ring, 6 qubits",angular,ring,6,4,70,-0.3126006965721629,1,0
"Angle + ring, 6 qubits",angular,ring,6,4,71,-0.5257311102824479,0,0
"Angle + ring, 6 qubits",angular,ring,6,4,72,0.0391760058928264,1,1
"Angle + ring, 6 qubits",angular,ring,6,4,73,-0.1770399433095747,0,0
"Angle + ring, 6 qubits",angular,ring,6,4,74,0.2709934171893248,1,1
"Angle + ring, 6 qubits",angular,ring,6,4,75,-0.2703146906512647,0,0
"Angle + ring, 6 qubits",angular,ring,6,4,76,-0.6521422059615158,0,0
"Angle + ring, 6 qubits",angular,ring,6,4,77,-0.1644773142177201,1,0
"Angle + ring, 6 qubits",angular,ring,6,4,78,0.2709934171893248,1,1
"Angle + ring, 6 qubits",angular,ring,6,4,79,-0.266325408685054,1,0
"Angle + ring, 6 qubits",angular,ring,6,4,80,-0.2549527696450302,1,0
"Angle + ring, 6 qubits",angular,ring,6,4,81,-0.4690814338656273,0,0
"Angle + ring, 6 qubits",angular,ring,6,4,82,-0.1123822347334251,1,0
"Angle + ring, 6 qubits",angular,ring,6,4,83,-0.4789624985090264,0,0
"Angle + ring, 6 qubits",angular,ring,6,4,84,-0.468570583978711,0,0
"Angle + ring, 6 qubits",angular,ring,6,4,85,-0.0353478646508288,1,0
"Angle + ring, 6 qubits",angular,ring,6,4,86,-0.6145886705164783,0,0
"Angle + ring, 6 qubits",angular,ring,6,4,87,0.2709934171893253,1,1
"Angle + ring, 6 qubits",angular,ring,6,4,88,0.4598661752646596,1,1
"Angle + ring, 6 qubits",angular,ring,6,4,89,0.4119856897586735,1,1
"Angle + ring, 6 qubits",angular,ring,6,4,90,0.4769800761953582,1,1
"Angle + ring, 6 qubits",angular,ring,6,4,91,-0.4685705839787112,0,0
"Angle + ring, 6 qubits",angular,ring,6,4,92,-0.0013151362643939,1,0
"Angle + ring, 6 qubits",angular,ring,6,4,93,-0.6188129460241312,0,0
"Angle + ring, 6 qubits",angular,ring,6,4,94,0.2966557035358756,1,1
"Angle + ring, 6 qubits",angular,ring,6,4,95,-0.6624763376181024,0,0
"Angle + ring, 6 qubits",angular,ring,6,4,96,0.378052004829207,1,1
"Angle + ring, 6 qubits",angular,ring,6,4,97,-0.3574772910376983,0,0
"Angle + ring, 6 qubits",angular,ring,6,4,98,0.3426816956445807,1,1
"Angle + ring, 6 qubits",angular,ring,6,4,99,-0.627546601580504,0,0
"Angle + no entangling gates, 4 qubits",angular,none,4,0,0,0.3503059004152256,1,1
"Angle + no entangling gates, 4 qubits",angular,none,4,0,1,-0.6721172737823168,0,0
"Angle + no entangling gates, 4 qubits",angular,none,4,0,2,-0.6721172737823163,0,0
"Angle + no entangling gates, 4 qubits",angular,none,4,0,3,-0.672117273782316,0,0
"Angle + no entangling gates, 4 qubits",angular,none,4,0,4,0.9201565467614494,1,1
"Angle + no entangling gates, 4 qubits",angular,none,4,0,5,-0.9201565467614492,0,0
"Angle + no entangling gates, 4 qubits",angular,none,4,0,6,-0.5876247088797054,0,0
"Angle + no entangling gates, 4 qubits",angular,none,4,0,7,-0.1489599145784347,1,0
"Angle + no entangling gates, 4 qubits",angular,none,4,0,8,0.9868448645624632,1,1
"Angle + no entangling gates, 4 qubits",angular,none,4,0,9,-0.6721172737823164,0,0
"Angle + no entangling gates, 4 qubits",angular,none,4,0,10,0.6721172737823162,1,1
"Angle + no entangling gates, 4 qubits",angular,none,4,0,11,0.9241705541754066,1,1
"Angle + no entangling gates, 4 qubits",angular,none,4,0,12,-0.7289748923249079,0,0
"Angle + no entangling gates, 4 qubits",angular,none,4,0,13,-0.6721172737823161,0,0
"Angle + no entangling gates, 4 qubits",angular,none,4,0,14,-0.7874879723430954,0,0
"Angle + no entangling gates, 4 qubits",angular,none,4,0,15,0.9241705541754076,1,1
"Angle + no entangling gates, 4 qubits",angular,none,4,0,16,0.5138098955933383,1,1
"Angle + no entangling gates, 4 qubits",angular,none,4,0,17,0.9402298024795996,1,1
"Angle + no entangling gates, 4 qubits",angular,none,4,0,18,-0.9402298024795992,0,0
"Angle + no entangling gates, 4 qubits",angular,none,4,0,19,-0.672117273782316,1,0
"Angle + no entangling gates, 4 qubits",angular,none,4,0,20,-0.6721172737823164,0,0
"Angle + no entangling gates, 4 qubits",angular,none,4,0,21,0.7874879723430951,1,1
"Angle + no entangling gates, 4 qubits",angular,none,4,0,22,-0.6721172737823166,0,0
"Angle + no entangling gates, 4 qubits",angular,none,4,0,23,-0.6721172737823156,0,0
"Angle + no entangling gates, 4 qubits",angular,none,4,0,24,0.0102875616085824,0,1
"Angle + no entangling gates, 4 qubits",angular,none,4,0,25,-0.6721172737823159,1,0
"Angle + no entangling gates, 4 qubits",angular,none,4,0,26,0.7874879723430952,1,1
"Angle + no entangling gates, 4 qubits",angular,none,4,0,27,-0.6721172737823164,0,0
"Angle + no entangling gates, 4 qubits",angular,none,4,0,28,-0.6721172737823157,0,0
"Angle + no entangling gates, 4 qubits",angular,none,4,0,29,0.7874879723430953,1,1
"Angle + no entangling gates, 4 qubits",angular,none,4,0,30,-0.6721172737823158,0,0
"Angle + no entangling gates, 4 qubits",angular,none,4,0,31,-0.7874879723430958,0,0
"Angle + no entangling gates, 4 qubits",angular,none,4,0,32,-0.4418428846998601,1,0
"Angle + no entangling gates, 4 qubits",angular,none,4,0,33,-0.7523104178354003,0,0
"Angle + no entangling gates, 4 qubits",angular,none,4,0,34,-0.6985349421449636,0,0
"Angle + no entangling gates, 4 qubits",angular,none,4,0,35,0.6721172737823162,1,1
"Angle + no entangling gates, 4 qubits",angular,none,4,0,36,0.7760570463429273,1,1
"Angle + no entangling gates, 4 qubits",angular,none,4,0,37,0.864722190980992,1,1
"Angle + no entangling gates, 4 qubits",angular,none,4,0,38,-0.8423483252123743,0,0
"Angle + no entangling gates, 4 qubits",angular,none,4,0,39,-0.672117273782316,0,0
"Angle + no entangling gates, 4 qubits",angular,none,4,0,40,0.6721172737823164,1,1
"Angle + no entangling gates, 4 qubits",angular,none,4,0,41,-0.8725959497550722,0,0
"Angle + no entangling gates, 4 qubits",angular,none,4,0,42,-0.8647221909809923,0,0
"Angle + no entangling gates, 4 qubits",angular,none,4,0,43,0.9201565467614484,1,1
"Angle + no entangling gates, 4 qubits",angular,none,4,0,44,0.6575684646317097,1,1
"Angle + no entangling gates, 4 qubits",angular,none,4,0,45,0.5138098955933388,1,1
"Angle + no entangling gates, 4 qubits",angular,none,4,0,46,-0.5309174853177925,1,0
"Angle + no entangling gates, 4 qubits",angular,none,4,0,47,-0.9241705541754074,0,0
"Angle + no entangling gates, 4 qubits",angular,none,4,0,48,-0.6721172737823161,1,0
"Angle + no entangling gates, 4 qubits",angular,none,4,0,49,-0.6721172737823164,0,0
"Angle + no entangling gates, 4 qubits",angular,none,4,0,50,-0.6721172737823156,1,0
"Angle + no entangling gates, 4 qubits",angular,none,4,0,51,-0.7760570463429275,0,0
"Angle + no entangling gates, 4 qubits",angular,none,4,0,52,-0.7874879723430954,0,0
"Angle + no entangling gates, 4 qubits",angular,none,4,0,53,0.6721172737823157,1,1
"Angle + no entangling gates, 4 qubits",angular,none,4,0,54,0.3503059004152251,1,1
"Angle + no entangling gates, 4 qubits",angular,none,4,0,55,-0.6721172737823159,0,0
"Angle + no entangling gates, 4 qubits",angular,none,4,0,56,-0.6721172737823162,0,0
"Angle + no entangling gates, 4 qubits",angular,none,4,0,57,-0.6721172737823159,1,0
"Angle + no entangling gates, 4 qubits",angular,none,4,0,58,-0.6721172737823158,0,0
"Angle + no entangling gates, 4 qubits",angular,none,4,0,59,-0.9241705541754076,0,0
"Angle + no entangling gates, 4 qubits",angular,none,4,0,60,0.0237181504379603,1,1
"Angle + no entangling gates, 4 qubits",angular,none,4,0,61,-0.3693148356344616,1,0
"Angle + no entangling gates, 4 qubits",angular,none,4,0,62,-0.6721172737823161,1,0
"Angle + no entangling gates, 4 qubits",angular,none,4,0,63,-0.8802578096083951,0,0
"Angle + no entangling gates, 4 qubits",angular,none,4,0,64,0.5309174853177924,0,1
"Angle + no entangling gates, 4 qubits",angular,none,4,0,65,-0.6721172737823158,1,0
"Angle + no entangling gates, 4 qubits",angular,none,4,0,66,-0.672117273782316,0,0
"Angle + no entangling gates, 4 qubits",angular,none,4,0,67,0.6575684646317096,1,1
"Angle + no entangling gates, 4 qubits",angular,none,4,0,68,-0.6721172737823167,0,0
"Angle + no entangling gates, 4 qubits",angular,none,4,0,69,-0.7720678670728255,0,0
"Angle + no entangling gates, 4 qubits",angular,none,4,0,70,-0.3728443436658263,0,0
"Angle + no entangling gates, 4 qubits",angular,none,4,0,71,0.8647221909809925,1,1
"Angle + no entangling gates, 4 qubits",angular,none,4,0,72,0.6721172737823162,1,1
"Angle + no entangling gates, 4 qubits",angular,none,4,0,73,0.5138098955933389,1,1
"Angle + no entangling gates, 4 qubits",angular,none,4,0,74,0.5138098955933388,1,1
"Angle + no entangling gates, 4 qubits",angular,none,4,0,75,-0.6721172737823166,0,0
"Angle + no entangling gates, 4 qubits",angular,none,4,0,76,-0.8423483252123749,0,0
"Angle + no entangling gates, 4 qubits",angular,none,4,0,77,0.5138098955933388,1,1
"Angle + no entangling gates, 4 qubits",angular,none,4,0,78,0.6721172737823159,1,1
"Angle + no entangling gates, 4 qubits",angular,none,4,0,79,-0.6721172737823164,0,0
"Angle + no entangling gates, 4 qubits",angular,none,4,0,80,0.6721172737823162,1,1
"Angle + no entangling gates, 4 qubits",angular,none,4,0,81,0.8725959497550722,1,1
"Angle + no entangling gates, 4 qubits",angular,none,4,0,82,-0.1733398459379666,0,0
"Angle + no entangling gates, 4 qubits",angular,none,4,0,83,-0.772067867072826,0,0
"Angle + no entangling gates, 4 qubits",angular,none,4,0,84,-0.0732084183139381,1,0
"Angle + no entangling gates, 4 qubits",angular,none,4,0,85,-0.6338503141937497,1,0
"Angle + no entangling gates, 4 qubits",angular,none,4,0,86,0.9241705541754074,1,1
"Angle + no entangling gates, 4 qubits",angular,none,4,0,87,-0.0102875616085823,1,0
"Angle + no entangling gates, 4 qubits",angular,none,4,0,88,-0.5327168129085947,0,0
"Angle + no entangling gates, 4 qubits",angular,none,4,0,89,-0.6721172737823161,1,0
"Angle + no entangling gates, 4 qubits",angular,none,4,0,90,-0.7289748923249078,0,0
"Angle + no entangling gates, 4 qubits",angular,none,4,0,91,0.8287947189344431,1,1
"Angle + no entangling gates, 4 qubits",angular,none,4,0,92,-0.6721172737823161,0,0
"Angle + no entangling gates, 4 qubits",angular,none,4,0,93,-0.6721172737823166,1,0
"Angle + no entangling gates, 4 qubits",angular,none,4,0,94,-0.6721172737823164,0,0
"Angle + no entangling gates, 4 qubits",angular,none,4,0,95,-0.9402298024796,0,0
"Angle + no entangling gates, 4 qubits",angular,none,4,0,96,-0.6721172737823164,0,0
"Angle + no entangling gates, 4 qubits",angular,none,4,0,97,0.6721172737823167,1,1
"Angle + no entangling gates, 4 qubits",angular,none,4,0,98,0.6721172737823161,1,1
"Angle + no entangling gates, 4 qubits",angular,none,4,0,99,0.097299465615891,1,1
"Angle + no entangling gates, 4 qubits",angular,none,4,1,0,0.0568801198057227,1,1
"Angle + no entangling gates, 4 qubits",angular,none,4,1,1,-0.8632631678630959,0,0
"Angle + no entangling gates, 4 qubits",angular,none,4,1,2,-0.4849143228603982,0,0
"Angle + no entangling gates, 4 qubits",angular,none,4,1,3,-0.4849143228603977,0,0
"Angle + no entangling gates, 4 qubits",angular,none,4,1,4,-0.6995956249637119,0,0
"Angle + no entangling gates, 4 qubits",angular,none,4,1,5,0.4191419100554674,1,1
"Angle + no entangling gates, 4 qubits",angular,none,4,1,6,-0.484914322860398,0,0
"Angle + no entangling gates, 4 qubits",angular,none,4,1,7,0.4849143228603975,1,1
"Angle + no entangling gates, 4 qubits",angular,none,4,1,8,0.8281070807805065,1,1
"Angle + no entangling gates, 4 qubits",angular,none,4,1,9,-0.6371525071714831,0,0
"Angle + no entangling gates, 4 qubits",angular,none,4,1,10,-0.7649052779512104,0,0
"Angle + no entangling gates, 4 qubits",angular,none,4,1,11,0.4849143228603974,1,1
"Angle + no entangling gates, 4 qubits",angular,none,4,1,12,-0.4849143228603979,1,0
"Angle + no entangling gates, 4 qubits",angular,none,4,1,13,-0.6163190133364783,1,0
"Angle + no entangling gates, 4 qubits",angular,none,4,1,14,-0.4849143228603979,0,0
"Angle + no entangling gates, 4 qubits",angular,none,4,1,15,-0.764905277951211,0,0
"Angle + no entangling gates, 4 qubits",angular,none,4,1,16,0.906797326824278,1,1
"Angle + no entangling gates, 4 qubits",angular,none,4,1,17,0.484914322860398,1,1
"Angle + no entangling gates, 4 qubits",angular,none,4,1,18,-0.4849143228603975,0,0
"Angle + no entangling gates, 4 qubits",angular,none,4,1,19,0.8632631678630945,1,1
"Angle + no entangling gates, 4 qubits",angular,none,4,1,20,-0.7684482475921848,0,0
"Angle + no entangling gates, 4 qubits",angular,none,4,1,21,-0.6371525071714831,0,0
"Angle + no entangling gates, 4 qubits",angular,none,4,1,22,-0.1310995578733725,1,0
"Angle + no entangling gates, 4 qubits",angular,none,4,1,23,-0.4849143228603979,0,0
"Angle + no entangling gates, 4 qubits",angular,none,4,1,24,0.4849143228603969,1,1
"Angle + no entangling gates, 4 qubits",angular,none,4,1,25,-0.4849143228603975,0,0
"Angle + no entangling gates, 4 qubits",angular,none,4,1,26,-0.4575055968511072,1,0
"Angle + no entangling gates, 4 qubits",angular,none,4,1,27,-0.3062091516792917,1,0
"Angle + no entangling gates, 4 qubits",angular,none,4,1,28,-0.1310995578733724,1,0
"Angle + no entangling gates, 4 qubits",angular,none,4,1,29,0.9284463383575624,1,1
"Angle + no entangling gates, 4 qubits",angular,none,4,1,30,-0.9284463383575626,0,0
"Angle + no entangling gates, 4 qubits",angular,none,4,1,31,-0.8373779983351809,1,0
"Angle + no entangling gates, 4 qubits",angular,none,4,1,32,-0.4849143228603982,0,0
"Angle + no entangling gates, 4 qubits",angular,none,4,1,33,-0.6371525071714832,0,0
"Angle + no entangling gates, 4 qubits",angular,none,4,1,34,-0.4849143228603975,0,0
"Angle + no entangling gates, 4 qubits",angular,none,4,1,35,-0.484914322860398,0,0
"Angle + no entangling gates, 4 qubits",angular,none,4,1,36,-0.4849143228603982,0,0
"Angle + no entangling gates, 4 qubits",angular,none,4,1,37,0.1328432182438284,1,1
"Angle + no entangling gates, 4 qubits",angular,none,4,1,38,0.7175931440301424,1,1
"Angle + no entangling gates, 4 qubits",angular,none,4,1,39,0.7175931440301423,1,1
"Angle + no entangling gates, 4 qubits",angular,none,4,1,40,-0.4849143228603982,0,0
"Angle + no entangling gates, 4 qubits",angular,none,4,1,41,-0.4849143228603975,1,0
"Angle + no entangling gates, 4 qubits",angular,none,4,1,42,-0.9579498367476552,0,0
"Angle + no entangling gates, 4 qubits",angular,none,4,1,43,-0.4849143228603979,0,0
"Angle + no entangling gates, 4 qubits",angular,none,4,1,44,0.4849143228603982,1,1
"Angle + no entangling gates, 4 qubits",angular,none,4,1,45,-0.5909269304069432,0,0
"Angle + no entangling gates, 4 qubits",angular,none,4,1,46,0.4849143228603978,1,1
"Angle + no entangling gates, 4 qubits",angular,none,4,1,47,-0.4849143228603979,0,0
"Angle + no entangling gates, 4 qubits",angular,none,4,1,48,0.4849143228603978,1,1
"Angle + no entangling gates, 4 qubits",angular,none,4,1,49,0.0785227153700192,1,1
"Angle + no entangling gates, 4 qubits",angular,none,4,1,50,-0.8632631678630948,0,0
"Angle + no entangling gates, 4 qubits",angular,none,4,1,51,0.2544742512476502,1,1
"Angle + no entangling gates, 4 qubits",angular,none,4,1,52,0.4849143228603979,1,1
"Angle + no entangling gates, 4 qubits",angular,none,4,1,53,-0.8632631678630951,0,0
"Angle + no entangling gates, 4 qubits",angular,none,4,1,54,-0.484914322860398,1,0
"Angle + no entangling gates, 4 qubits",angular,none,4,1,55,-0.4849143228603974,0,0
"Angle + no entangling gates, 4 qubits",angular,none,4,1,56,0.7175931440301422,1,1
"Angle + no entangling gates, 4 qubits",angular,none,4,1,57,-0.4849143228603978,0,0
"Angle + no entangling gates, 4 qubits",angular,none,4,1,58,0.4849143228603981,1,1
"Angle + no entangling gates, 4 qubits",angular,none,4,1,59,-0.484914322860398,0,0
"Angle + no entangling gates, 4 qubits",angular,none,4,1,60,-0.4849143228603979,1,0
"Angle + no entangling gates, 4 qubits",angular,none,4,1,61,0.6371525071714834,1,1
"Angle + no entangling gates, 4 qubits",angular,none,4,1,62,0.950639860135992,1,1
"Angle + no entangling gates, 4 qubits",angular,none,4,1,63,-0.484914322860398,0,0
"Angle + no entangling gates, 4 qubits",angular,none,4,1,64,-0.6233441441998109,0,0
"Angle + no entangling gates, 4 qubits",angular,none,4,1,65,0.7798129570592489,1,1
"Angle + no entangling gates, 4 qubits",angular,none,4,1,66,0.717593144030143,1,1
"Angle + no entangling gates, 4 qubits",angular,none,4,1,67,0.2426739263794227,1,1
"Angle + no entangling gates, 4 qubits",angular,none,4,1,68,0.484914322860398,1,1
"Angle + no entangling gates, 4 qubits",angular,none,4,1,69,-0.4849143228603981,0,0
"Angle + no entangling gates, 4 qubits",angular,none,4,1,70,-0.6371525071714832,0,0
"Angle + no entangling gates, 4 qubits",angular,none,4,1,71,-0.5028534959966151,1,0
"Angle + no entangling gates, 4 qubits",angular,none,4,1,72,0.0816533028626806,1,1
"Angle + no entangling gates, 4 qubits",angular,none,4,1,73,-0.0234386592402867,1,0
"Angle + no entangling gates, 4 qubits",angular,none,4,1,74,-0.4849143228603979,0,0
"Angle + no entangling gates, 4 qubits",angular,none,4,1,75,0.9950255252702658,1,1
"Angle + no entangling gates, 4 qubits",angular,none,4,1,76,-0.6371525071714831,0,0
"Angle + no entangling gates, 4 qubits",angular,none,4,1,77,-0.4849143228603977,0,0
"Angle + no entangling gates, 4 qubits",angular,none,4,1,78,0.637152507171483,1,1
"Angle + no entangling gates, 4 qubits",angular,none,4,1,79,-0.4849143228603978,0,0
"Angle + no entangling gates, 4 qubits",angular,none,4,1,80,0.8281070807805067,1,1
"Angle + no entangling gates, 4 qubits",angular,none,4,1,81,0.6371525071714825,1,1
"Angle + no entangling gates, 4 qubits",angular,none,4,1,82,-0.4849143228603975,1,0
"Angle + no entangling gates, 4 qubits",angular,none,4,1,83,-0.4849143228603969,1,0
"Angle + no entangling gates, 4 qubits",angular,none,4,1,84,-0.6995956249637116,0,0
"Angle + no entangling gates, 4 qubits",angular,none,4,1,85,-0.8632631678630951,0,0
"Angle + no entangling gates, 4 qubits",angular,none,4,1,86,0.7649052779512111,1,1
"Angle + no entangling gates, 4 qubits",angular,none,4,1,87,0.8632631678630954,1,1
"Angle + no entangling gates, 4 qubits",angular,none,4,1,88,0.7184033506123214,1,1
"Angle + no entangling gates, 4 qubits",angular,none,4,1,89,-0.484914322860398,0,0
"Angle + no entangling gates, 4 qubits",angular,none,4,1,90,-0.4849143228603972,0,0
"Angle + no entangling gates, 4 qubits",angular,none,4,1,91,-0.5794427230879657,0,0
"Angle + no entangling gates, 4 qubits",angular,none,4,1,92,0.484914322860398,1,1
"Angle + no entangling gates, 4 qubits",angular,none,4,1,93,-0.4849143228603982,0,0
"Angle + no entangling gates, 4 qubits",angular,none,4,1,94,-0.4849143228603974,0,0
"Angle + no entangling gates, 4 qubits",angular,none,4,1,95,-0.4191419100554667,0,0
"Angle + no entangling gates, 4 qubits",angular,none,4,1,96,-0.4849143228603979,0,0
"Angle + no entangling gates, 4 qubits",angular,none,4,1,97,-0.595983186900735,0,0
"Angle + no entangling gates, 4 qubits",angular,none,4,1,98,-0.4849143228603979,0,0
"Angle + no entangling gates, 4 qubits",angular,none,4,1,99,0.8849057634273909,1,1
"Angle + no entangling gates, 4 qubits",angular,none,4,2,0,-0.5173861920493973,1,0
"Angle + no entangling gates, 4 qubits",angular,none,4,2,1,-0.6657989915367929,0,0
"Angle + no entangling gates, 4 qubits",angular,none,4,2,2,-0.5173861920493971,0,0
"Angle + no entangling gates, 4 qubits",angular,none,4,2,3,-0.5173861920493971,0,0
"Angle + no entangling gates, 4 qubits",angular,none,4,2,4,0.5173861920493965,1,1
"Angle + no entangling gates, 4 qubits",angular,none,4,2,5,-0.609735084579219,1,0
"Angle + no entangling gates, 4 qubits",angular,none,4,2,6,-0.6730718817966528,0,0
"Angle + no entangling gates, 4 qubits",angular,none,4,2,7,0.9661644033311554,1,1
"Angle + no entangling gates, 4 qubits",angular,none,4,2,8,-0.7624221542040592,0,0
"Angle + no entangling gates, 4 qubits",angular,none,4,2,9,-0.8028917965895239,0,0
"Angle + no entangling gates, 4 qubits",angular,none,4,2,10,-0.5173861920493968,0,0
"Angle + no entangling gates, 4 qubits",angular,none,4,2,11,0.4184538860111531,1,1
"Angle + no entangling gates, 4 qubits",angular,none,4,2,12,-0.788625509163807,0,0
"Angle + no entangling gates, 4 qubits",angular,none,4,2,13,-0.6335101723207293,0,0
"Angle + no entangling gates, 4 qubits",angular,none,4,2,14,0.982347237967745,1,1
"Angle + no entangling gates, 4 qubits",angular,none,4,2,15,0.9933426205671688,1,1
"Angle + no entangling gates, 4 qubits",angular,none,4,2,16,-0.6524406370206165,0,0
"Angle + no entangling gates, 4 qubits",angular,none,4,2,17,0.5173861920493963,1,1
"Angle + no entangling gates, 4 qubits",angular,none,4,2,18,-0.517386192049397,0,0
"Angle + no entangling gates, 4 qubits",angular,none,4,2,19,-0.2633072029167028,0,0
"Angle + no entangling gates, 4 qubits",angular,none,4,2,20,-0.5173861920493958,1,0
"Angle + no entangling gates, 4 qubits",angular,none,4,2,21,0.6730718817966528,1,1
"Angle + no entangling gates, 4 qubits",angular,none,4,2,22,-0.5173861920493962,0,0
"Angle + no entangling gates, 4 qubits",angular,none,4,2,23,-0.0049049922591135,1,0
"Angle + no entangling gates, 4 qubits",angular,none,4,2,24,-0.5173861920493967,1,0
"Angle + no entangling gates, 4 qubits",angular,none,4,2,25,-0.5173861920493965,0,0
"Angle + no entangling gates, 4 qubits",angular,none,4,2,26,0.1423589972626313,1,1
"Angle + no entangling gates, 4 qubits",angular,none,4,2,27,-0.31567565723936,0,0
"Angle + no entangling gates, 4 qubits",angular,none,4,2,28,-0.8028917965895233,0,0
"Angle + no entangling gates, 4 qubits",angular,none,4,2,29,-0.1531132298872591,1,0
"Angle + no entangling gates, 4 qubits",angular,none,4,2,30,-0.9018570299063654,0,0
"Angle + no entangling gates, 4 qubits",angular,none,4,2,31,-0.5173861920493967,0,0
"Angle + no entangling gates, 4 qubits",angular,none,4,2,32,0.5173861920493965,1,1
"Angle + no entangling gates, 4 qubits",angular,none,4,2,33,0.9661644033311556,1,1
"Angle + no entangling gates, 4 qubits",angular,none,4,2,34,-0.7624221542040595,0,0
"Angle + no entangling gates, 4 qubits",angular,none,4,2,35,-0.517386192049397,0,0
"Angle + no entangling gates, 4 qubits",angular,none,4,2,36,0.1123770485836915,1,1
"Angle + no entangling gates, 4 qubits",angular,none,4,2,37,0.4184538860111529,1,1
"Angle + no entangling gates, 4 qubits",angular,none,4,2,38,-0.3418176410952005,1,0
"Angle + no entangling gates, 4 qubits",angular,none,4,2,39,-0.8811455907399366,0,0
"Angle + no entangling gates, 4 qubits",angular,none,4,2,40,-0.5173861920493963,0,0
"Angle + no entangling gates, 4 qubits",angular,none,4,2,41,-0.155209919851599,1,0
"Angle + no entangling gates, 4 qubits",angular,none,4,2,42,-0.789194813118514,0,0
"Angle + no entangling gates, 4 qubits",angular,none,4,2,43,0.2344698335503278,1,1
"Angle + no entangling gates, 4 qubits",angular,none,4,2,44,0.8046727710560655,1,1
"Angle + no entangling gates, 4 qubits",angular,none,4,2,45,-0.5173861920493966,1,0
"Angle + no entangling gates, 4 qubits",angular,none,4,2,46,0.5173861920493972,1,1
"Angle + no entangling gates, 4 qubits",angular,none,4,2,47,-0.8116970050301858,0,0
"Angle + no entangling gates, 4 qubits",angular,none,4,2,48,-0.6335101723207293,0,0
"Angle + no entangling gates, 4 qubits",angular,none,4,2,49,-0.993342620567168,0,0
"Angle + no entangling gates, 4 qubits",angular,none,4,2,50,-0.517386192049397,0,0
"Angle + no entangling gates, 4 qubits",angular,none,4,2,51,-0.5173861920493965,0,0
"Angle + no entangling gates, 4 qubits",angular,none,4,2,52,-0.5173861920493971,1,0
"Angle + no entangling gates, 4 qubits",angular,none,4,2,53,0.8028917965895238,1,1
"Angle + no entangling gates, 4 qubits",angular,none,4,2,54,0.8046727710560656,1,1
"Angle + no entangling gates, 4 qubits",angular,none,4,2,55,0.7317267242926686,1,1
"Angle + no entangling gates, 4 qubits",angular,none,4,2,56,-0.5173861920493967,0,0
"Angle + no entangling gates, 4 qubits",angular,none,4,2,57,-0.4184538860111529,0,0
"Angle + no entangling gates, 4 qubits",angular,none,4,2,58,0.5173861920493968,1,1
"Angle + no entangling gates, 4 qubits",angular,none,4,2,59,-0.5173861920493962,0,0
"Angle + no entangling gates, 4 qubits",angular,none,4,2,60,0.5173861920493957,1,1
"Angle + no entangling gates, 4 qubits",angular,none,4,2,61,-0.8028917965895237,0,0
"Angle + no entangling gates, 4 qubits",angular,none,4,2,62,0.5173861920493967,1,1
"Angle + no entangling gates, 4 qubits",angular,none,4,2,63,-0.5173861920493967,1,0
"Angle + no entangling gates, 4 qubits",angular,none,4,2,64,0.6730718817966529,1,1
"Angle + no entangling gates, 4 qubits",angular,none,4,2,65,-0.8846448784563677,0,0
"Angle + no entangling gates, 4 qubits",angular,none,4,2,66,0.5863569903042116,1,1
"Angle + no entangling gates, 4 qubits",angular,none,4,2,67,-0.9933426205671688,0,0
"Angle + no entangling gates, 4 qubits",angular,none,4,2,68,-0.5173861920493965,1,0
"Angle + no entangling gates, 4 qubits",angular,none,4,2,69,-0.6657989915367936,0,0
"Angle + no entangling gates, 4 qubits",angular,none,4,2,70,-0.966164403331156,0,0
"Angle + no entangling gates, 4 qubits",angular,none,4,2,71,-0.3979940413895354,0,0
"Angle + no entangling gates, 4 qubits",angular,none,4,2,72,-0.5173861920493967,0,0
"Angle + no entangling gates, 4 qubits",angular,none,4,2,73,-0.5173861920493965,0,0
"Angle + no entangling gates, 4 qubits",angular,none,4,2,74,-0.5173861920493967,1,0
"Angle + no entangling gates, 4 qubits",angular,none,4,2,75,-0.5173861920493967,0,0
"Angle + no entangling gates, 4 qubits",angular,none,4,2,76,0.5173861920493962,1,1
"Angle + no entangling gates, 4 qubits",angular,none,4,2,77,-0.5173861920493966,0,0
"Angle + no entangling gates, 4 qubits",angular,none,4,2,78,0.4184538860111529,1,1
"Angle + no entangling gates, 4 qubits",angular,none,4,2,79,-0.9018570299063654,0,0
"Angle + no entangling gates, 4 qubits",angular,none,4,2,80,0.517386192049397,1,1
"Angle + no entangling gates, 4 qubits",angular,none,4,2,81,-0.9336008019198988,0,0
"Angle + no entangling gates, 4 qubits",angular,none,4,2,82,0.5173861920493962,1,1
"Angle + no entangling gates, 4 qubits",angular,none,4,2,83,-0.6361787217812372,1,0
"Angle + no entangling gates, 4 qubits",angular,none,4,2,84,0.6730718817966523,1,1
"Angle + no entangling gates, 4 qubits",angular,none,4,2,85,0.7317267242926679,1,1
"Angle + no entangling gates, 4 qubits",angular,none,4,2,86,-0.8811455907399357,0,0
"Angle + no entangling gates, 4 qubits",angular,none,4,2,87,-0.5173861920493966,1,0
"Angle + no entangling gates, 4 qubits",angular,none,4,2,88,-0.517386192049397,0,0
"Angle + no entangling gates, 4 qubits",angular,none,4,2,89,-0.517386192049397,0,0
"Angle + no entangling gates, 4 qubits",angular,none,4,2,90,0.9018570299063656,1,1
"Angle + no entangling gates, 4 qubits",angular,none,4,2,91,0.9044426040799416,1,1
"Angle + no entangling gates, 4 qubits",angular,none,4,2,92,0.0414752368783617,1,1
"Angle + no entangling gates, 4 qubits",angular,none,4,2,93,-0.517386192049397,1,0
"Angle + no entangling gates, 4 qubits",angular,none,4,2,94,0.2377606452654549,1,1
"Angle + no entangling gates, 4 qubits",angular,none,4,2,95,-0.5173861920493971,1,0
"Angle + no entangling gates, 4 qubits",angular,none,4,2,96,-0.8028917965895235,0,0
"Angle + no entangling gates, 4 qubits",angular,none,4,2,97,0.234469833550328,1,1
"Angle + no entangling gates, 4 qubits",angular,none,4,2,98,-0.5173861920493965,0,0
"Angle + no entangling gates, 4 qubits",angular,none,4,2,99,-0.5173861920493972,0,0
"Angle + no entangling gates, 4 qubits",angular,none,4,3,0,0.2601870168363467,1,1
"Angle + no entangling gates, 4 qubits",angular,none,4,3,1,0.9637535028207748,1,1
"Angle + no entangling gates, 4 qubits",angular,none,4,3,2,0.9894953050887492,1,1
"Angle + no entangling gates, 4 qubits",angular,none,4,3,3,-0.790356783769216,0,0
"Angle + no entangling gates, 4 qubits",angular,none,4,3,4,-0.9955004186099272,0,0
"Angle + no entangling gates, 4 qubits",angular,none,4,3,5,-0.7903567837692156,1,0
"Angle + no entangling gates, 4 qubits",angular,none,4,3,6,-0.7903567837692159,0,0
"Angle + no entangling gates, 4 qubits",angular,none,4,3,7,0.7903567837692148,1,1
"Angle + no entangling gates, 4 qubits",angular,none,4,3,8,0.8939804808118904,1,1
"Angle + no entangling gates, 4 qubits",angular,none,4,3,9,-0.7903567837692158,1,0
"Angle + no entangling gates, 4 qubits",angular,none,4,3,10,0.7903567837692156,1,1
"Angle + no entangling gates, 4 qubits",angular,none,4,3,11,0.963249009326993,1,1
"Angle + no entangling gates, 4 qubits",angular,none,4,3,12,-0.9178799087817292,0,0
"Angle + no entangling gates, 4 qubits",angular,none,4,3,13,-0.7514900745827721,0,0
"Angle + no entangling gates, 4 qubits",angular,none,4,3,14,-0.790356783769215,0,0
"Angle + no entangling gates, 4 qubits",angular,none,4,3,15,-0.7903567837692157,1,0
"Angle + no entangling gates, 4 qubits",angular,none,4,3,16,0.0672670368537977,1,1
"Angle + no entangling gates, 4 qubits",angular,none,4,3,17,-0.7903567837692155,1,0
"Angle + no entangling gates, 4 qubits",angular,none,4,3,18,-0.7903567837692154,0,0
"Angle + no entangling gates, 4 qubits",angular,none,4,3,19,0.7903567837692158,1,1
"Angle + no entangling gates, 4 qubits",angular,none,4,3,20,-0.963249009326993,0,0
"Angle + no entangling gates, 4 qubits",angular,none,4,3,21,-0.8650999104480206,0,0
"Angle + no entangling gates, 4 qubits",angular,none,4,3,22,0.9454644419083704,1,1
"Angle + no entangling gates, 4 qubits",angular,none,4,3,23,-0.8891574836318298,0,0
"Angle + no entangling gates, 4 qubits",angular,none,4,3,24,-0.9817656846698344,0,0
"Angle + no entangling gates, 4 qubits",angular,none,4,3,25,-0.8891574836318306,0,0
"Angle + no entangling gates, 4 qubits",angular,none,4,3,26,-0.7903567837692153,0,0
"Angle + no entangling gates, 4 qubits",angular,none,4,3,27,-0.7903567837692158,1,0
"Angle + no entangling gates, 4 qubits",angular,none,4,3,28,-0.0672670368537975,0,0
"Angle + no entangling gates, 4 qubits",angular,none,4,3,29,-0.9386562711374752,0,0
"Angle + no entangling gates, 4 qubits",angular,none,4,3,30,-0.9955004186099272,0,0
"Angle + no entangling gates, 4 qubits",angular,none,4,3,31,0.2877355738658549,1,1
"Angle + no entangling gates, 4 qubits",angular,none,4,3,32,0.7903567837692156,1,1
"Angle + no entangling gates, 4 qubits",angular,none,4,3,33,-0.3188148785526253,1,0
"Angle + no entangling gates, 4 qubits",angular,none,4,3,34,-0.7903567837692151,0,0
"Angle + no entangling gates, 4 qubits",angular,none,4,3,35,-0.9632490093269924,0,0
"Angle + no entangling gates, 4 qubits",angular,none,4,3,36,-0.995500418609928,0,0
"Angle + no entangling gates, 4 qubits",angular,none,4,3,37,0.7903567837692154,1,1
"Angle + no entangling gates, 4 qubits",angular,none,4,3,38,-0.1940536911745701,1,0
"Angle + no entangling gates, 4 qubits",angular,none,4,3,39,0.2531639759281491,1,1
"Angle + no entangling gates, 4 qubits",angular,none,4,3,40,-0.9537883600437356,0,0
"Angle + no entangling gates, 4 qubits",angular,none,4,3,41,0.8809082113282196,1,1
"Angle + no entangling gates, 4 qubits",angular,none,4,3,42,-0.9817656846698348,0,0
"Angle + no entangling gates, 4 qubits",angular,none,4,3,43,-0.1713959775505399,1,0
"Angle + no entangling gates, 4 qubits",angular,none,4,3,44,0.6090008965917973,1,1
"Angle + no entangling gates, 4 qubits",angular,none,4,3,45,-0.9454644419083702,0,0
"Angle + no entangling gates, 4 qubits",angular,none,4,3,46,-0.8769295322621342,0,0
"Angle + no entangling gates, 4 qubits",angular,none,4,3,47,0.9454644419083704,1,1
"Angle + no entangling gates, 4 qubits",angular,none,4,3,48,0.9632490093269938,1,1
"Angle + no entangling gates, 4 qubits",angular,none,4,3,49,-0.7903567837692161,0,0
"Angle + no entangling gates, 4 qubits",angular,none,4,3,50,-0.7903567837692155,1,0
"Angle + no entangling gates, 4 qubits",angular,none,4,3,51,0.7903567837692156,1,1
"Angle + no entangling gates, 4 qubits",angular,none,4,3,52,-0.82999770885415,1,0
"Angle + no entangling gates, 4 qubits",angular,none,4,3,53,0.2601870168363476,1,1
"Angle + no entangling gates, 4 qubits",angular,none,4,3,54,-0.7903567837692151,0,0
"Angle + no entangling gates, 4 qubits",angular,none,4,3,55,-0.7903567837692154,0,0
"Angle + no entangling gates, 4 qubits",angular,none,4,3,56,-0.8939804808118906,0,0
"Angle + no entangling gates, 4 qubits",angular,none,4,3,57,-0.790356783769216,1,0
"Angle + no entangling gates, 4 qubits",angular,none,4,3,58,-0.935735122417364,0,0
"Angle + no entangling gates, 4 qubits",angular,none,4,3,59,0.6090008965917972,1,1
"Angle + no entangling gates, 4 qubits",angular,none,4,3,60,0.8939804808118897,1,1
"Angle + no entangling gates, 4 qubits",angular,none,4,3,61,-0.7903567837692154,0,0
"Angle + no entangling gates, 4 qubits",angular,none,4,3,62,-0.790356783769215,0,0
"Angle + no entangling gates, 4 qubits",angular,none,4,3,63,-0.7903567837692153,1,0
"Angle + no entangling gates, 4 qubits",angular,none,4,3,64,0.4431081556764363,1,1
"Angle + no entangling gates, 4 qubits",angular,none,4,3,65,-0.7903567837692165,0,0
"Angle + no entangling gates, 4 qubits",angular,none,4,3,66,-0.3188148785526249,1,0
"Angle + no entangling gates, 4 qubits",angular,none,4,3,67,-0.7903567837692154,0,0
"Angle + no entangling gates, 4 qubits",angular,none,4,3,68,-0.7903567837692156,0,0
"Angle + no entangling gates, 4 qubits",angular,none,4,3,69,-0.3180824675199208,1,0
"Angle + no entangling gates, 4 qubits",angular,none,4,3,70,-0.7903567837692154,0,0
"Angle + no entangling gates, 4 qubits",angular,none,4,3,71,-0.7903567837692155,0,0
"Angle + no entangling gates, 4 qubits",angular,none,4,3,72,0.9955004186099272,1,1
"Angle + no entangling gates, 4 qubits",angular,none,4,3,73,-0.935735122417364,0,0
"Angle + no entangling gates, 4 qubits",angular,none,4,3,74,-0.7903567837692159,0,0
"Angle + no entangling gates, 4 qubits",angular,none,4,3,75,-0.2209968122623522,1,0
"Angle + no entangling gates, 4 qubits",angular,none,4,3,76,-0.7903567837692156,0,0
"Angle + no entangling gates, 4 qubits",angular,none,4,3,77,-0.9817656846698348,0,0
"Angle + no entangling gates, 4 qubits",angular,none,4,3,78,-0.8650999104480201,0,0
"Angle + no entangling gates, 4 qubits",angular,none,4,3,79,-0.7903567837692157,0,0
"Angle + no entangling gates, 4 qubits",angular,none,4,3,80,0.7903567837692158,1,1
"Angle + no entangling gates, 4 qubits",angular,none,4,3,81,-0.9955004186099276,0,0
"Angle + no entangling gates, 4 qubits",angular,none,4,3,82,0.8939804808118903,1,1
"Angle + no entangling gates, 4 qubits",angular,none,4,3,83,-0.9178799087817286,0,0
"Angle + no entangling gates, 4 qubits",angular,none,4,3,84,0.7903567837692156,1,1
"Angle + no entangling gates, 4 qubits",angular,none,4,3,85,-0.7272432303890463,1,0
"Angle + no entangling gates, 4 qubits",angular,none,4,3,86,-0.7903567837692158,0,0
"Angle + no entangling gates, 4 qubits",angular,none,4,3,87,-0.7903567837692156,0,0
"Angle + no entangling gates, 4 qubits",angular,none,4,3,88,-0.128237977631255,1,0
"Angle + no entangling gates, 4 qubits",angular,none,4,3,89,0.4431081556764364,1,1
"Angle + no entangling gates, 4 qubits",angular,none,4,3,90,-0.790356783769216,0,0
"Angle + no entangling gates, 4 qubits",angular,none,4,3,91,0.790356783769215,1,1
"Angle + no entangling gates, 4 qubits",angular,none,4,3,92,-0.9555564459451422,0,0
"Angle + no entangling gates, 4 qubits",angular,none,4,3,93,0.8007102216939282,1,1
"Angle + no entangling gates, 4 qubits",angular,none,4,3,94,0.2601870168363474,1,1
"Angle + no entangling gates, 4 qubits",angular,none,4,3,95,-0.7903567837692148,1,0
"Angle + no entangling gates, 4 qubits",angular,none,4,3,96,0.790356783769216,1,1
"Angle + no entangling gates, 4 qubits",angular,none,4,3,97,-0.7903567837692154,0,0
"Angle + no entangling gates, 4 qubits",angular,none,4,3,98,-0.7903567837692153,0,0
"Angle + no entangling gates, 4 qubits",angular,none,4,3,99,0.9955004186099268,1,1
"Angle + no entangling gates, 4 qubits",angular,none,4,4,0,0.489347509680132,1,1
"Angle + no entangling gates, 4 qubits",angular,none,4,4,1,-0.4500863418762215,1,0
"Angle + no entangling gates, 4 qubits",angular,none,4,4,2,-0.2217087131795503,1,0
"Angle + no entangling gates, 4 qubits",angular,none,4,4,3,0.4500863418762221,1,1
"Angle + no entangling gates, 4 qubits",angular,none,4,4,4,0.6493389894976476,1,1
"Angle + no entangling gates, 4 qubits",angular,none,4,4,5,-0.4500863418762221,0,0
"Angle + no entangling gates, 4 qubits",angular,none,4,4,6,-0.725058543021026,0,0
"Angle + no entangling gates, 4 qubits",angular,none,4,4,7,-0.8133813782774206,0,0
"Angle + no entangling gates, 4 qubits",angular,none,4,4,8,-0.450086341876222,0,0
"Angle + no entangling gates, 4 qubits",angular,none,4,4,9,0.756134961932525,1,1
"Angle + no entangling gates, 4 qubits",angular,none,4,4,10,0.4500863418762218,1,1
"Angle + no entangling gates, 4 qubits",angular,none,4,4,11,0.1198195608554147,1,1
"Angle + no entangling gates, 4 qubits",angular,none,4,4,12,-0.4500863418762222,0,0
"Angle + no entangling gates, 4 qubits",angular,none,4,4,13,-0.6149262881029539,0,0
"Angle + no entangling gates, 4 qubits",angular,none,4,4,14,0.7556698737012175,1,1
"Angle + no entangling gates, 4 qubits",angular,none,4,4,15,-0.4500863418762219,0,0
"Angle + no entangling gates, 4 qubits",angular,none,4,4,16,-0.4500863418762221,0,0
"Angle + no entangling gates, 4 qubits",angular,none,4,4,17,-0.9894566573503568,0,0
"Angle + no entangling gates, 4 qubits",angular,none,4,4,18,0.8676105897619054,1,1
"Angle + no entangling gates, 4 qubits",angular,none,4,4,19,0.7843767361022689,1,1
"Angle + no entangling gates, 4 qubits",angular,none,4,4,20,-0.3105506794948524,0,0
"Angle + no entangling gates, 4 qubits",angular,none,4,4,21,-0.4500863418762213,1,0
"Angle + no entangling gates, 4 qubits",angular,none,4,4,22,0.9894566573503568,1,1
"Angle + no entangling gates, 4 qubits",angular,none,4,4,23,-0.4500863418762222,0,0
"Angle + no entangling gates, 4 qubits",angular,none,4,4,24,-0.4500863418762219,1,0
"Angle + no entangling gates, 4 qubits",angular,none,4,4,25,-0.4500863418762221,0,0
"Angle + no entangling gates, 4 qubits",angular,none,4,4,26,0.9599917148456564,1,1
"Angle + no entangling gates, 4 qubits",angular,none,4,4,27,-0.9237634520537312,0,0
"Angle + no entangling gates, 4 qubits",angular,none,4,4,28,-0.7183161431520817,0,0
"Angle + no entangling gates, 4 qubits",angular,none,4,4,29,0.1198195608554144,1,1
"Angle + no entangling gates, 4 qubits",angular,none,4,4,30,-0.4500863418762222,0,0
"Angle + no entangling gates, 4 qubits",angular,none,4,4,31,-0.7561349619325249,0,0
"Angle + no entangling gates, 4 qubits",angular,none,4,4,32,-0.5768703693982982,0,0
"Angle + no entangling gates, 4 qubits",angular,none,4,4,33,-0.450086341876222,1,0
"Angle + no entangling gates, 4 qubits",angular,none,4,4,34,-0.0755161563121133,1,0
"Angle + no entangling gates, 4 qubits",angular,none,4,4,35,0.4500863418762224,1,1
"Angle + no entangling gates, 4 qubits",angular,none,4,4,36,-0.4500863418762216,0,0
"Angle + no entangling gates, 4 qubits",angular,none,4,4,37,-0.3318562728494212,0,0
"Angle + no entangling gates, 4 qubits",angular,none,4,4,38,-0.8682857932204003,0,0
"Angle + no entangling gates, 4 qubits",angular,none,4,4,39,0.4500863418762221,1,1
"Angle + no entangling gates, 4 qubits",angular,none,4,4,40,-0.4500863418762219,1,0
"Angle + no entangling gates, 4 qubits",angular,none,4,4,41,-0.4500863418762219,0,0
"Angle + no entangling gates, 4 qubits",angular,none,4,4,42,-0.6149262881029541,0,0
"Angle + no entangling gates, 4 qubits",angular,none,4,4,43,-0.9894566573503566,0,0
"Angle + no entangling gates, 4 qubits",angular,none,4,4,44,-0.450086341876222,0,0
"Angle + no entangling gates, 4 qubits",angular,none,4,4,45,-0.4500863418762221,1,0
"Angle + no entangling gates, 4 qubits",angular,none,4,4,46,-0.489347509680131,0,0
"Angle + no entangling gates, 4 qubits",angular,none,4,4,47,-0.7435221506615466,0,0
"Angle + no entangling gates, 4 qubits",angular,none,4,4,48,-0.4500863418762223,1,0
"Angle + no entangling gates, 4 qubits",angular,none,4,4,49,0.4893475096801317,1,1
"Angle + no entangling gates, 4 qubits",angular,none,4,4,50,0.8892713246220227,1,1
"Angle + no entangling gates, 4 qubits",angular,none,4,4,51,-0.4500863418762217,0,0
"Angle + no entangling gates, 4 qubits",angular,none,4,4,52,0.9599917148456558,1,1
"Angle + no entangling gates, 4 qubits",angular,none,4,4,53,0.7843767361022691,1,1
"Angle + no entangling gates, 4 qubits",angular,none,4,4,54,0.7556698737012182,1,1
"Angle + no entangling gates, 4 qubits",angular,none,4,4,55,0.3105506794948528,1,1
"Angle + no entangling gates, 4 qubits",angular,none,4,4,56,-0.8682857932204008,0,0
"Angle + no entangling gates, 4 qubits",angular,none,4,4,57,-0.4500863418762219,0,0
"Angle + no entangling gates, 4 qubits",angular,none,4,4,58,-0.3478590527994465,0,0
"Angle + no entangling gates, 4 qubits",angular,none,4,4,59,-0.9620523633292872,0,0
"Angle + no entangling gates, 4 qubits",angular,none,4,4,60,-0.9470688884150992,0,0
"Angle + no entangling gates, 4 qubits",angular,none,4,4,61,0.7609568650767755,1,1
"Angle + no entangling gates, 4 qubits",angular,none,4,4,62,-0.4500863418762219,0,0
"Angle + no entangling gates, 4 qubits",angular,none,4,4,63,0.4500863418762214,1,1
"Angle + no entangling gates, 4 qubits",angular,none,4,4,64,0.7843767361022697,1,1
"Angle + no entangling gates, 4 qubits",angular,none,4,4,65,-0.9938201618373264,0,0
"Angle + no entangling gates, 4 qubits",angular,none,4,4,66,0.6149262881029536,1,1
"Angle + no entangling gates, 4 qubits",angular,none,4,4,67,-0.6149262881029542,0,0
"Angle + no entangling gates, 4 qubits",angular,none,4,4,68,0.4500863418762216,1,1
"Angle + no entangling gates, 4 qubits",angular,none,4,4,69,-0.9599917148456556,0,0
"Angle + no entangling gates, 4 qubits",angular,none,4,4,70,0.4500863418762217,1,1
"Angle + no entangling gates, 4 qubits",angular,none,4,4,71,-0.4500863418762218,0,0
"Angle + no entangling gates, 4 qubits",angular,none,4,4,72,0.8892713246220226,1,1
"Angle + no entangling gates, 4 qubits",angular,none,4,4,73,-0.614926288102954,0,0
"Angle + no entangling gates, 4 qubits",angular,none,4,4,74,0.4500863418762223,1,1
"Angle + no entangling gates, 4 qubits",angular,none,4,4,75,-0.87718882318509,0,0
"Angle + no entangling gates, 4 qubits",angular,none,4,4,76,-0.9470688884150992,0,0
"Angle + no entangling gates, 4 qubits",angular,none,4,4,77,-0.2651462747491874,1,0
"Angle + no entangling gates, 4 qubits",angular,none,4,4,78,0.4500863418762223,1,1
"Angle + no entangling gates, 4 qubits",angular,none,4,4,79,-0.4500863418762224,1,0
"Angle + no entangling gates, 4 qubits",angular,none,4,4,80,-0.267949829942515,1,0
"Angle + no entangling gates, 4 qubits",angular,none,4,4,81,-0.6084963326769341,0,0
"Angle + no entangling gates, 4 qubits",angular,none,4,4,82,0.8682857932204002,1,1
"Angle + no entangling gates, 4 qubits",angular,none,4,4,83,-0.4500863418762228,0,0
"Angle + no entangling gates, 4 qubits",angular,none,4,4,84,-0.4500863418762214,0,0
"Angle + no entangling gates, 4 qubits",angular,none,4,4,85,0.8035727585525478,1,1
"Angle + no entangling gates, 4 qubits",angular,none,4,4,86,-0.614926288102954,0,0
"Angle + no entangling gates, 4 qubits",angular,none,4,4,87,0.450086341876222,1,1
"Angle + no entangling gates, 4 qubits",angular,none,4,4,88,0.4500863418762216,1,1
"Angle + no entangling gates, 4 qubits",angular,none,4,4,89,0.868285793220401,1,1
"Angle + no entangling gates, 4 qubits",angular,none,4,4,90,0.959991714845656,1,1
"Angle + no entangling gates, 4 qubits",angular,none,4,4,91,-0.4500863418762225,0,0
"Angle + no entangling gates, 4 qubits",angular,none,4,4,92,0.3105506794948527,1,1
"Angle + no entangling gates, 4 qubits",angular,none,4,4,93,-0.4500863418762219,0,0
"Angle + no entangling gates, 4 qubits",angular,none,4,4,94,0.4500863418762215,1,1
"Angle + no entangling gates, 4 qubits",angular,none,4,4,95,-0.614926288102954,0,0
"Angle + no entangling gates, 4 qubits",angular,none,4,4,96,0.5127519939900522,1,1
"Angle + no entangling gates, 4 qubits",angular,none,4,4,97,-0.4516812662133042,0,0
"Angle + no entangling gates, 4 qubits",angular,none,4,4,98,0.5560871537624275,1,1
"Angle + no entangling gates, 4 qubits",angular,none,4,4,99,-0.4500863418762219,0,0
